date,email,google,vk,yandex,weekday,k_dw,ya_visits,gl_visits,vk_visits,em_visits,or_visits,ya_calls,gl_calls,vk_calls,em_calls,or_calls,all_calls
2023-01-10,681.8181818181819,2272.7272727272725,3409.090909090909,2272.7272727272725,Tuesday,0.85,16.0,25.0,35.0,55.0,25.0,4.0,4.0,5.0,2.0,3.0,18.0
2023-01-11,681.8181818181819,2272.7272727272725,3409.090909090909,2272.7272727272725,Wednesday,0.9,22.0,28.0,54.0,50.0,26.0,4.0,7.0,8.0,2.0,4.0,25.0
2023-01-12,681.8181818181819,2272.7272727272725,3409.090909090909,2272.7272727272725,Thursday,0.95,15.0,38.0,46.0,52.0,28.0,4.0,9.0,7.0,2.0,3.0,25.0
2023-01-13,681.8181818181819,2272.7272727272725,3409.090909090909,2272.7272727272725,Friday,1.25,27.0,52.0,55.0,69.0,36.0,7.0,12.0,7.0,4.0,5.0,35.0
2023-01-14,681.8181818181819,2272.7272727272725,3409.090909090909,2272.7272727272725,Saturday,1.3,22.0,42.0,78.0,71.0,38.0,6.0,8.0,13.0,3.0,6.0,36.0
2023-01-15,681.8181818181819,2272.7272727272725,3409.090909090909,2272.7272727272725,Sunday,1.2,17.0,29.0,45.0,68.0,35.0,4.0,8.0,6.0,3.0,4.0,25.0
2023-01-16,681.8181818181819,2272.7272727272725,3409.090909090909,2272.7272727272725,Monday,1.0,19.0,29.0,41.0,76.0,29.0,5.0,5.0,5.0,4.0,4.0,23.0
2023-01-17,681.8181818181819,2272.7272727272725,3409.090909090909,2272.7272727272725,Tuesday,0.85,15.0,27.0,38.0,51.0,25.0,2.0,4.0,4.0,2.0,4.0,16.0
2023-01-18,681.8181818181819,2272.7272727272725,3409.090909090909,2272.7272727272725,Wednesday,0.9,21.0,22.0,47.0,69.0,26.0,5.0,4.0,7.0,3.0,4.0,23.0
2023-01-19,681.8181818181819,2272.7272727272725,3409.090909090909,2272.7272727272725,Thursday,0.95,21.0,26.0,38.0,54.0,28.0,6.0,6.0,4.0,3.0,4.0,23.0
2023-01-20,681.8181818181819,2272.7272727272725,3409.090909090909,2272.7272727272725,Friday,1.25,27.0,30.0,69.0,100.0,36.0,7.0,4.0,10.0,4.0,6.0,31.0
2023-01-21,681.8181818181819,2272.7272727272725,3409.090909090909,2272.7272727272725,Saturday,1.3,29.0,44.0,69.0,73.0,38.0,5.0,7.0,7.0,4.0,6.0,29.0
2023-01-22,681.8181818181819,2272.7272727272725,3409.090909090909,2272.7272727272725,Sunday,1.2,24.0,30.0,59.0,70.0,35.0,6.0,6.0,5.0,3.0,4.0,24.0
2023-01-23,681.8181818181819,2272.7272727272725,3409.090909090909,2272.7272727272725,Monday,1.0,23.0,32.0,43.0,64.0,29.0,7.0,6.0,6.0,4.0,4.0,27.0
2023-01-24,681.8181818181819,2272.7272727272725,3409.090909090909,2272.7272727272725,Tuesday,0.85,18.0,22.0,36.0,59.0,25.0,5.0,6.0,4.0,3.0,4.0,22.0
2023-01-25,681.8181818181819,2272.7272727272725,3409.090909090909,2272.7272727272725,Wednesday,0.9,13.0,25.0,46.0,50.0,26.0,3.0,5.0,7.0,3.0,3.0,21.0
2023-01-26,681.8181818181819,2272.7272727272725,3409.090909090909,2272.7272727272725,Thursday,0.95,19.0,35.0,64.0,60.0,28.0,3.0,9.0,10.0,3.0,4.0,29.0
2023-01-27,681.8181818181819,2272.7272727272725,3409.090909090909,2272.7272727272725,Friday,1.25,24.0,50.0,56.0,102.0,36.0,5.0,10.0,6.0,6.0,6.0,33.0
2023-01-28,681.8181818181819,2272.7272727272725,3409.090909090909,2272.7272727272725,Saturday,1.3,18.0,37.0,64.0,113.0,38.0,5.0,6.0,7.0,6.0,6.0,30.0
2023-01-29,681.8181818181819,2272.7272727272725,3409.090909090909,2272.7272727272725,Sunday,1.2,21.0,44.0,80.0,63.0,35.0,4.0,11.0,8.0,4.0,4.0,31.0
2023-01-30,681.8181818181819,2272.7272727272725,3409.090909090909,2272.7272727272725,Monday,1.0,18.0,42.0,42.0,53.0,29.0,3.0,7.0,6.0,3.0,3.0,22.0
2023-01-31,681.8181818181819,2272.7272727272725,3409.090909090909,2272.7272727272725,Tuesday,0.85,16.0,33.0,37.0,63.0,25.0,4.0,5.0,4.0,2.0,4.0,19.0
2023-02-01,892.8571428571429,3571.4285714285716,4107.142857142857,3571.4285714285716,Wednesday,0.9,21.0,38.0,42.0,107.0,26.0,5.0,9.0,6.0,7.0,4.0,31.0
2023-02-02,892.8571428571429,3571.4285714285716,4107.142857142857,3571.4285714285716,Thursday,0.95,35.0,42.0,47.0,69.0,28.0,9.0,11.0,6.0,4.0,3.0,33.0
2023-02-03,892.8571428571429,3571.4285714285716,4107.142857142857,3571.4285714285716,Friday,1.25,38.0,72.0,84.0,98.0,36.0,9.0,15.0,11.0,4.0,4.0,43.0
2023-02-04,892.8571428571429,3571.4285714285716,4107.142857142857,3571.4285714285716,Saturday,1.3,39.0,50.0,99.0,118.0,38.0,9.0,13.0,15.0,6.0,6.0,49.0
2023-02-05,892.8571428571429,3571.4285714285716,4107.142857142857,3571.4285714285716,Sunday,1.2,36.0,55.0,63.0,133.0,35.0,10.0,13.0,7.0,7.0,4.0,41.0
2023-02-06,892.8571428571429,3571.4285714285716,4107.142857142857,3571.4285714285716,Monday,1.0,39.0,40.0,60.0,115.0,29.0,7.0,8.0,7.0,7.0,4.0,33.0
2023-02-07,892.8571428571429,3571.4285714285716,4107.142857142857,3571.4285714285716,Tuesday,0.85,25.0,42.0,39.0,94.0,25.0,6.0,8.0,5.0,6.0,3.0,28.0
2023-02-08,892.8571428571429,3571.4285714285716,4107.142857142857,3571.4285714285716,Wednesday,0.9,27.0,36.0,51.0,73.0,26.0,5.0,8.0,6.0,3.0,4.0,26.0
2023-02-09,892.8571428571429,3571.4285714285716,4107.142857142857,3571.4285714285716,Thursday,0.95,26.0,41.0,74.0,72.0,28.0,6.0,8.0,8.0,3.0,3.0,28.0
2023-02-10,892.8571428571429,3571.4285714285716,4107.142857142857,3571.4285714285716,Friday,1.25,40.0,76.0,93.0,139.0,36.0,10.0,12.0,13.0,8.0,6.0,49.0
2023-02-11,892.8571428571429,3571.4285714285716,4107.142857142857,3571.4285714285716,Saturday,1.3,48.0,86.0,63.0,154.0,38.0,11.0,16.0,8.0,8.0,4.0,47.0
2023-02-12,892.8571428571429,3571.4285714285716,4107.142857142857,3571.4285714285716,Sunday,1.2,35.0,55.0,85.0,141.0,35.0,8.0,12.0,14.0,9.0,3.0,46.0
2023-02-13,892.8571428571429,3571.4285714285716,4107.142857142857,3571.4285714285716,Monday,1.0,38.0,53.0,58.0,78.0,29.0,6.0,9.0,6.0,5.0,3.0,29.0
2023-02-14,892.8571428571429,3571.4285714285716,4107.142857142857,3571.4285714285716,Tuesday,0.85,31.0,32.0,64.0,80.0,25.0,8.0,8.0,7.0,4.0,2.0,29.0
2023-02-15,892.8571428571429,3571.4285714285716,4107.142857142857,3571.4285714285716,Wednesday,0.9,23.0,44.0,64.0,85.0,26.0,5.0,10.0,11.0,5.0,3.0,34.0
2023-02-16,892.8571428571429,3571.4285714285716,4107.142857142857,3571.4285714285716,Thursday,0.95,30.0,39.0,43.0,72.0,28.0,5.0,7.0,7.0,4.0,5.0,28.0
2023-02-17,892.8571428571429,3571.4285714285716,4107.142857142857,3571.4285714285716,Friday,1.25,43.0,58.0,78.0,112.0,36.0,9.0,13.0,11.0,4.0,5.0,42.0
2023-02-18,892.8571428571429,3571.4285714285716,4107.142857142857,3571.4285714285716,Saturday,1.3,34.0,75.0,84.0,115.0,38.0,10.0,11.0,12.0,7.0,4.0,44.0
2023-02-19,892.8571428571429,3571.4285714285716,4107.142857142857,3571.4285714285716,Sunday,1.2,40.0,55.0,78.0,89.0,35.0,12.0,14.0,10.0,5.0,4.0,45.0
2023-02-20,892.8571428571429,3571.4285714285716,4107.142857142857,3571.4285714285716,Monday,1.0,33.0,66.0,78.0,118.0,29.0,9.0,15.0,13.0,6.0,4.0,47.0
2023-02-21,892.8571428571429,3571.4285714285716,4107.142857142857,3571.4285714285716,Tuesday,0.85,25.0,31.0,40.0,74.0,25.0,5.0,8.0,6.0,4.0,3.0,26.0
2023-02-22,892.8571428571429,3571.4285714285716,4107.142857142857,3571.4285714285716,Wednesday,0.9,29.0,41.0,73.0,84.0,26.0,7.0,9.0,8.0,4.0,2.0,30.0
2023-02-23,892.8571428571429,3571.4285714285716,4107.142857142857,3571.4285714285716,Thursday,0.95,26.0,38.0,58.0,79.0,28.0,5.0,7.0,10.0,4.0,3.0,29.0
2023-02-24,892.8571428571429,3571.4285714285716,4107.142857142857,3571.4285714285716,Friday,1.25,40.0,47.0,69.0,105.0,36.0,10.0,9.0,10.0,6.0,6.0,41.0
2023-02-25,892.8571428571429,3571.4285714285716,4107.142857142857,3571.4285714285716,Saturday,1.3,33.0,65.0,90.0,141.0,38.0,8.0,16.0,11.0,8.0,5.0,48.0
2023-02-26,892.8571428571429,3571.4285714285716,4107.142857142857,3571.4285714285716,Sunday,1.2,30.0,52.0,86.0,114.0,35.0,6.0,12.0,9.0,4.0,5.0,36.0
2023-02-27,892.8571428571429,3571.4285714285716,4107.142857142857,3571.4285714285716,Monday,1.0,39.0,61.0,52.0,120.0,29.0,8.0,13.0,6.0,7.0,4.0,38.0
2023-02-28,892.8571428571429,3571.4285714285716,4107.142857142857,3571.4285714285716,Tuesday,0.85,22.0,48.0,50.0,94.0,25.0,5.0,10.0,6.0,3.0,3.0,27.0
2023-03-01,806.4516129032259,3064.516129032258,3225.8064516129034,2741.935483870968,Wednesday,0.9,16.0,31.0,36.0,58.0,26.0,4.0,6.0,4.0,3.0,3.0,20.0
2023-03-02,806.4516129032259,3064.516129032258,3225.8064516129034,2741.935483870968,Thursday,0.95,29.0,45.0,58.0,69.0,28.0,6.0,7.0,7.0,3.0,3.0,26.0
2023-03-03,806.4516129032259,3064.516129032258,3225.8064516129034,2741.935483870968,Friday,1.25,26.0,46.0,50.0,138.0,36.0,6.0,9.0,5.0,8.0,5.0,33.0
2023-03-04,806.4516129032259,3064.516129032258,3225.8064516129034,2741.935483870968,Saturday,1.3,31.0,57.0,67.0,85.0,38.0,9.0,11.0,10.0,4.0,6.0,40.0
2023-03-05,806.4516129032259,3064.516129032258,3225.8064516129034,2741.935483870968,Sunday,1.2,21.0,43.0,61.0,76.0,35.0,6.0,7.0,6.0,4.0,5.0,28.0
2023-03-06,806.4516129032259,3064.516129032258,3225.8064516129034,2741.935483870968,Monday,1.0,27.0,58.0,41.0,74.0,29.0,8.0,9.0,7.0,5.0,5.0,34.0
2023-03-07,806.4516129032259,3064.516129032258,3225.8064516129034,2741.935483870968,Tuesday,0.85,24.0,46.0,47.0,59.0,25.0,6.0,11.0,5.0,3.0,4.0,29.0
2023-03-08,806.4516129032259,3064.516129032258,3225.8064516129034,2741.935483870968,Wednesday,0.9,20.0,30.0,42.0,61.0,26.0,6.0,7.0,6.0,3.0,4.0,26.0
2023-03-09,806.4516129032259,3064.516129032258,3225.8064516129034,2741.935483870968,Thursday,0.95,22.0,47.0,40.0,61.0,28.0,5.0,10.0,4.0,2.0,4.0,25.0
2023-03-10,806.4516129032259,3064.516129032258,3225.8064516129034,2741.935483870968,Friday,1.25,30.0,58.0,81.0,88.0,36.0,6.0,13.0,13.0,4.0,4.0,40.0
2023-03-11,806.4516129032259,3064.516129032258,3225.8064516129034,2741.935483870968,Saturday,1.3,34.0,59.0,67.0,108.0,38.0,10.0,11.0,9.0,5.0,4.0,39.0
2023-03-12,806.4516129032259,3064.516129032258,3225.8064516129034,2741.935483870968,Sunday,1.2,25.0,53.0,47.0,102.0,35.0,7.0,11.0,7.0,6.0,5.0,36.0
2023-03-13,806.4516129032259,3064.516129032258,3225.8064516129034,2741.935483870968,Monday,1.0,21.0,53.0,38.0,85.0,29.0,4.0,11.0,4.0,3.0,3.0,25.0
2023-03-14,806.4516129032259,3064.516129032258,3225.8064516129034,2741.935483870968,Tuesday,0.85,24.0,32.0,44.0,64.0,25.0,5.0,8.0,7.0,4.0,3.0,27.0
2023-03-15,806.4516129032259,3064.516129032258,3225.8064516129034,2741.935483870968,Wednesday,0.9,16.0,34.0,50.0,91.0,26.0,4.0,5.0,7.0,4.0,4.0,24.0
2023-03-16,806.4516129032259,3064.516129032258,3225.8064516129034,2741.935483870968,Thursday,0.95,27.0,41.0,55.0,109.0,28.0,5.0,7.0,9.0,7.0,3.0,31.0
2023-03-17,806.4516129032259,3064.516129032258,3225.8064516129034,2741.935483870968,Friday,1.25,34.0,46.0,60.0,84.0,36.0,8.0,7.0,6.0,4.0,4.0,29.0
2023-03-18,806.4516129032259,3064.516129032258,3225.8064516129034,2741.935483870968,Saturday,1.3,34.0,71.0,60.0,114.0,38.0,9.0,19.0,10.0,4.0,5.0,47.0
2023-03-19,806.4516129032259,3064.516129032258,3225.8064516129034,2741.935483870968,Sunday,1.2,28.0,54.0,51.0,136.0,35.0,7.0,8.0,7.0,9.0,4.0,35.0
2023-03-20,806.4516129032259,3064.516129032258,3225.8064516129034,2741.935483870968,Monday,1.0,18.0,44.0,44.0,107.0,29.0,3.0,9.0,7.0,4.0,5.0,28.0
2023-03-21,806.4516129032259,3064.516129032258,3225.8064516129034,2741.935483870968,Tuesday,0.85,21.0,38.0,35.0,72.0,25.0,5.0,9.0,5.0,3.0,3.0,25.0
2023-03-22,806.4516129032259,3064.516129032258,3225.8064516129034,2741.935483870968,Wednesday,0.9,19.0,40.0,46.0,71.0,26.0,4.0,10.0,6.0,4.0,3.0,27.0
2023-03-23,806.4516129032259,3064.516129032258,3225.8064516129034,2741.935483870968,Thursday,0.95,30.0,52.0,36.0,77.0,28.0,7.0,13.0,4.0,3.0,3.0,30.0
2023-03-24,806.4516129032259,3064.516129032258,3225.8064516129034,2741.935483870968,Friday,1.25,34.0,46.0,82.0,132.0,36.0,9.0,11.0,9.0,7.0,4.0,40.0
2023-03-25,806.4516129032259,3064.516129032258,3225.8064516129034,2741.935483870968,Saturday,1.3,27.0,54.0,49.0,111.0,38.0,6.0,11.0,7.0,6.0,5.0,35.0
2023-03-26,806.4516129032259,3064.516129032258,3225.8064516129034,2741.935483870968,Sunday,1.2,34.0,42.0,61.0,76.0,35.0,10.0,8.0,9.0,4.0,4.0,35.0
2023-03-27,806.4516129032259,3064.516129032258,3225.8064516129034,2741.935483870968,Monday,1.0,24.0,44.0,38.0,103.0,29.0,7.0,10.0,6.0,4.0,4.0,31.0
2023-03-28,806.4516129032259,3064.516129032258,3225.8064516129034,2741.935483870968,Tuesday,0.85,16.0,48.0,49.0,54.0,25.0,4.0,13.0,7.0,3.0,3.0,30.0
2023-03-29,806.4516129032259,3064.516129032258,3225.8064516129034,2741.935483870968,Wednesday,0.9,26.0,36.0,36.0,77.0,26.0,4.0,5.0,3.0,4.0,4.0,20.0
2023-03-30,806.4516129032259,3064.516129032258,3225.8064516129034,2741.935483870968,Thursday,0.95,21.0,37.0,55.0,68.0,28.0,4.0,9.0,6.0,3.0,4.0,26.0
2023-03-31,806.4516129032259,3064.516129032258,3225.8064516129034,2741.935483870968,Friday,1.25,25.0,46.0,45.0,123.0,36.0,6.0,8.0,7.0,5.0,3.0,29.0
2023-04-01,833.3333333333334,3500.0,3333.3333333333335,3500.0,Saturday,1.3,35.0,81.0,67.0,96.0,38.0,9.0,20.0,8.0,4.0,5.0,46.0
2023-04-02,833.3333333333334,3500.0,3333.3333333333335,3500.0,Sunday,1.2,42.0,48.0,61.0,101.0,35.0,12.0,8.0,6.0,4.0,5.0,35.0
2023-04-03,833.3333333333334,3500.0,3333.3333333333335,3500.0,Monday,1.0,37.0,36.0,55.0,67.0,29.0,7.0,7.0,7.0,2.0,5.0,28.0
2023-04-04,833.3333333333334,3500.0,3333.3333333333335,3500.0,Tuesday,0.85,18.0,49.0,53.0,99.0,25.0,5.0,8.0,8.0,5.0,4.0,30.0
2023-04-05,833.3333333333334,3500.0,3333.3333333333335,3500.0,Wednesday,0.9,34.0,45.0,36.0,77.0,26.0,8.0,9.0,5.0,4.0,4.0,30.0
2023-04-06,833.3333333333334,3500.0,3333.3333333333335,3500.0,Thursday,0.95,33.0,46.0,42.0,77.0,28.0,9.0,7.0,5.0,5.0,3.0,29.0
2023-04-07,833.3333333333334,3500.0,3333.3333333333335,3500.0,Friday,1.25,29.0,53.0,59.0,83.0,36.0,8.0,14.0,9.0,5.0,6.0,42.0
2023-04-08,833.3333333333334,3500.0,3333.3333333333335,3500.0,Saturday,1.3,32.0,59.0,57.0,107.0,38.0,9.0,14.0,9.0,6.0,4.0,42.0
2023-04-09,833.3333333333334,3500.0,3333.3333333333335,3500.0,Sunday,1.2,44.0,56.0,49.0,105.0,35.0,13.0,13.0,5.0,5.0,6.0,42.0
2023-04-10,833.3333333333334,3500.0,3333.3333333333335,3500.0,Monday,1.0,24.0,43.0,45.0,68.0,29.0,6.0,9.0,5.0,3.0,3.0,26.0
2023-04-11,833.3333333333334,3500.0,3333.3333333333335,3500.0,Tuesday,0.85,26.0,36.0,46.0,82.0,25.0,7.0,9.0,7.0,4.0,3.0,30.0
2023-04-12,833.3333333333334,3500.0,3333.3333333333335,3500.0,Wednesday,0.9,27.0,41.0,60.0,79.0,26.0,7.0,7.0,7.0,5.0,4.0,30.0
2023-04-13,833.3333333333334,3500.0,3333.3333333333335,3500.0,Thursday,0.95,28.0,45.0,42.0,110.0,28.0,7.0,7.0,6.0,5.0,5.0,30.0
2023-04-14,833.3333333333334,3500.0,3333.3333333333335,3500.0,Friday,1.25,40.0,75.0,76.0,130.0,36.0,8.0,12.0,13.0,5.0,5.0,43.0
2023-04-15,833.3333333333334,3500.0,3333.3333333333335,3500.0,Saturday,1.3,40.0,58.0,68.0,114.0,38.0,7.0,14.0,10.0,6.0,5.0,42.0
2023-04-16,833.3333333333334,3500.0,3333.3333333333335,3500.0,Sunday,1.2,29.0,62.0,65.0,91.0,35.0,8.0,12.0,10.0,5.0,5.0,40.0
2023-04-17,833.3333333333334,3500.0,3333.3333333333335,3500.0,Monday,1.0,31.0,59.0,52.0,115.0,29.0,9.0,11.0,6.0,5.0,5.0,36.0
2023-04-18,833.3333333333334,3500.0,3333.3333333333335,3500.0,Tuesday,0.85,23.0,36.0,52.0,76.0,25.0,4.0,7.0,6.0,3.0,2.0,22.0
2023-04-19,833.3333333333334,3500.0,3333.3333333333335,3500.0,Wednesday,0.9,20.0,42.0,53.0,76.0,26.0,4.0,11.0,7.0,5.0,3.0,30.0
2023-04-20,833.3333333333334,3500.0,3333.3333333333335,3500.0,Thursday,0.95,24.0,52.0,35.0,66.0,28.0,4.0,12.0,6.0,3.0,4.0,29.0
2023-04-21,833.3333333333334,3500.0,3333.3333333333335,3500.0,Friday,1.25,39.0,69.0,74.0,137.0,36.0,7.0,14.0,7.0,8.0,4.0,40.0
2023-04-22,833.3333333333334,3500.0,3333.3333333333335,3500.0,Saturday,1.3,39.0,58.0,54.0,147.0,38.0,7.0,9.0,8.0,6.0,5.0,35.0
2023-04-23,833.3333333333334,3500.0,3333.3333333333335,3500.0,Sunday,1.2,37.0,73.0,73.0,129.0,35.0,7.0,12.0,8.0,5.0,5.0,37.0
2023-04-24,833.3333333333334,3500.0,3333.3333333333335,3500.0,Monday,1.0,24.0,44.0,40.0,70.0,29.0,7.0,9.0,5.0,3.0,3.0,27.0
2023-04-25,833.3333333333334,3500.0,3333.3333333333335,3500.0,Tuesday,0.85,22.0,32.0,56.0,66.0,25.0,5.0,8.0,7.0,3.0,3.0,26.0
2023-04-26,833.3333333333334,3500.0,3333.3333333333335,3500.0,Wednesday,0.9,24.0,35.0,52.0,65.0,26.0,6.0,7.0,7.0,4.0,4.0,28.0
2023-04-27,833.3333333333334,3500.0,3333.3333333333335,3500.0,Thursday,0.95,27.0,48.0,63.0,88.0,28.0,5.0,9.0,9.0,5.0,3.0,31.0
2023-04-28,833.3333333333334,3500.0,3333.3333333333335,3500.0,Friday,1.25,40.0,59.0,57.0,89.0,36.0,7.0,13.0,5.0,5.0,4.0,34.0
2023-04-29,833.3333333333334,3500.0,3333.3333333333335,3500.0,Saturday,1.3,39.0,81.0,57.0,97.0,38.0,12.0,17.0,8.0,4.0,6.0,47.0
2023-04-30,833.3333333333334,3500.0,3333.3333333333335,3500.0,Sunday,1.2,26.0,50.0,48.0,113.0,35.0,7.0,10.0,5.0,6.0,5.0,33.0
2023-05-01,645.1612903225806,3225.8064516129034,3225.8064516129034,3548.3870967741937,Monday,1.0,37.0,59.0,41.0,58.0,29.0,9.0,16.0,7.0,3.0,3.0,38.0
2023-05-02,645.1612903225806,3225.8064516129034,3225.8064516129034,3548.3870967741937,Tuesday,0.85,21.0,45.0,40.0,76.0,25.0,5.0,9.0,6.0,4.0,4.0,28.0
2023-05-03,645.1612903225806,3225.8064516129034,3225.8064516129034,3548.3870967741937,Wednesday,0.9,22.0,37.0,50.0,45.0,26.0,5.0,7.0,6.0,2.0,3.0,23.0
2023-05-04,645.1612903225806,3225.8064516129034,3225.8064516129034,3548.3870967741937,Thursday,0.95,32.0,45.0,38.0,67.0,28.0,6.0,9.0,4.0,3.0,4.0,26.0
2023-05-05,645.1612903225806,3225.8064516129034,3225.8064516129034,3548.3870967741937,Friday,1.25,33.0,51.0,58.0,88.0,36.0,6.0,9.0,6.0,3.0,5.0,29.0
2023-05-06,645.1612903225806,3225.8064516129034,3225.8064516129034,3548.3870967741937,Saturday,1.3,50.0,49.0,81.0,84.0,38.0,11.0,11.0,8.0,4.0,6.0,40.0
2023-05-07,645.1612903225806,3225.8064516129034,3225.8064516129034,3548.3870967741937,Sunday,1.2,28.0,44.0,53.0,75.0,35.0,5.0,7.0,5.0,3.0,6.0,26.0
2023-05-08,645.1612903225806,3225.8064516129034,3225.8064516129034,3548.3870967741937,Monday,1.0,27.0,46.0,49.0,61.0,29.0,5.0,9.0,5.0,3.0,3.0,25.0
2023-05-09,645.1612903225806,3225.8064516129034,3225.8064516129034,3548.3870967741937,Tuesday,0.85,28.0,30.0,42.0,65.0,25.0,6.0,7.0,6.0,3.0,3.0,25.0
2023-05-10,645.1612903225806,3225.8064516129034,3225.8064516129034,3548.3870967741937,Wednesday,0.9,30.0,54.0,42.0,45.0,26.0,5.0,14.0,4.0,3.0,3.0,29.0
2023-05-11,645.1612903225806,3225.8064516129034,3225.8064516129034,3548.3870967741937,Thursday,0.95,29.0,40.0,45.0,56.0,28.0,6.0,8.0,4.0,4.0,5.0,27.0
2023-05-12,645.1612903225806,3225.8064516129034,3225.8064516129034,3548.3870967741937,Friday,1.25,32.0,57.0,82.0,72.0,36.0,8.0,12.0,11.0,3.0,5.0,39.0
2023-05-13,645.1612903225806,3225.8064516129034,3225.8064516129034,3548.3870967741937,Saturday,1.3,29.0,65.0,56.0,72.0,38.0,8.0,14.0,6.0,3.0,5.0,36.0
2023-05-14,645.1612903225806,3225.8064516129034,3225.8064516129034,3548.3870967741937,Sunday,1.2,31.0,45.0,76.0,89.0,35.0,5.0,11.0,11.0,5.0,5.0,37.0
2023-05-15,645.1612903225806,3225.8064516129034,3225.8064516129034,3548.3870967741937,Monday,1.0,24.0,42.0,43.0,50.0,29.0,5.0,10.0,6.0,3.0,4.0,28.0
2023-05-16,645.1612903225806,3225.8064516129034,3225.8064516129034,3548.3870967741937,Tuesday,0.85,22.0,47.0,30.0,43.0,25.0,6.0,8.0,5.0,3.0,3.0,25.0
2023-05-17,645.1612903225806,3225.8064516129034,3225.8064516129034,3548.3870967741937,Wednesday,0.9,20.0,42.0,38.0,62.0,26.0,6.0,10.0,6.0,2.0,4.0,28.0
2023-05-18,645.1612903225806,3225.8064516129034,3225.8064516129034,3548.3870967741937,Thursday,0.95,24.0,54.0,39.0,55.0,28.0,4.0,12.0,4.0,3.0,3.0,26.0
2023-05-19,645.1612903225806,3225.8064516129034,3225.8064516129034,3548.3870967741937,Friday,1.25,30.0,45.0,78.0,72.0,36.0,7.0,9.0,12.0,5.0,5.0,38.0
2023-05-20,645.1612903225806,3225.8064516129034,3225.8064516129034,3548.3870967741937,Saturday,1.3,44.0,72.0,83.0,110.0,38.0,8.0,16.0,10.0,5.0,5.0,44.0
2023-05-21,645.1612903225806,3225.8064516129034,3225.8064516129034,3548.3870967741937,Sunday,1.2,29.0,42.0,52.0,62.0,35.0,5.0,7.0,6.0,3.0,5.0,26.0
2023-05-22,645.1612903225806,3225.8064516129034,3225.8064516129034,3548.3870967741937,Monday,1.0,33.0,37.0,56.0,52.0,29.0,6.0,6.0,8.0,3.0,5.0,28.0
2023-05-23,645.1612903225806,3225.8064516129034,3225.8064516129034,3548.3870967741937,Tuesday,0.85,19.0,33.0,52.0,61.0,25.0,3.0,5.0,6.0,3.0,3.0,20.0
2023-05-24,645.1612903225806,3225.8064516129034,3225.8064516129034,3548.3870967741937,Wednesday,0.9,33.0,37.0,38.0,61.0,26.0,6.0,9.0,4.0,2.0,4.0,25.0
2023-05-25,645.1612903225806,3225.8064516129034,3225.8064516129034,3548.3870967741937,Thursday,0.95,33.0,35.0,49.0,51.0,28.0,7.0,9.0,6.0,2.0,4.0,28.0
2023-05-26,645.1612903225806,3225.8064516129034,3225.8064516129034,3548.3870967741937,Friday,1.25,36.0,48.0,52.0,65.0,36.0,7.0,12.0,6.0,4.0,4.0,33.0
2023-05-27,645.1612903225806,3225.8064516129034,3225.8064516129034,3548.3870967741937,Saturday,1.3,32.0,61.0,56.0,109.0,38.0,10.0,14.0,7.0,6.0,4.0,41.0
2023-05-28,645.1612903225806,3225.8064516129034,3225.8064516129034,3548.3870967741937,Sunday,1.2,27.0,59.0,63.0,93.0,35.0,8.0,13.0,7.0,4.0,3.0,35.0
2023-05-29,645.1612903225806,3225.8064516129034,3225.8064516129034,3548.3870967741937,Monday,1.0,29.0,40.0,61.0,51.0,29.0,7.0,10.0,7.0,3.0,4.0,31.0
2023-05-30,645.1612903225806,3225.8064516129034,3225.8064516129034,3548.3870967741937,Tuesday,0.85,22.0,33.0,35.0,65.0,25.0,5.0,7.0,6.0,3.0,3.0,24.0
2023-05-31,645.1612903225806,3225.8064516129034,3225.8064516129034,3548.3870967741937,Wednesday,0.9,24.0,39.0,57.0,52.0,26.0,6.0,10.0,6.0,2.0,3.0,27.0
2023-06-01,1166.6666666666667,4000.0,4000.0,4000.0,Thursday,0.95,27.0,50.0,51.0,132.0,28.0,7.0,10.0,5.0,8.0,4.0,34.0
2023-06-02,1166.6666666666667,4000.0,4000.0,4000.0,Friday,1.25,34.0,59.0,57.0,130.0,36.0,9.0,13.0,5.0,5.0,5.0,37.0
2023-06-03,1166.6666666666667,4000.0,4000.0,4000.0,Saturday,1.3,34.0,86.0,97.0,168.0,38.0,6.0,21.0,11.0,8.0,6.0,52.0
2023-06-04,1166.6666666666667,4000.0,4000.0,4000.0,Sunday,1.2,33.0,84.0,78.0,164.0,35.0,7.0,14.0,13.0,10.0,4.0,48.0
2023-06-05,1166.6666666666667,4000.0,4000.0,4000.0,Monday,1.0,38.0,47.0,58.0,119.0,29.0,9.0,12.0,7.0,7.0,4.0,39.0
2023-06-06,1166.6666666666667,4000.0,4000.0,4000.0,Tuesday,0.85,22.0,38.0,55.0,99.0,25.0,5.0,10.0,8.0,4.0,3.0,30.0
2023-06-07,1166.6666666666667,4000.0,4000.0,4000.0,Wednesday,0.9,33.0,53.0,44.0,125.0,26.0,7.0,8.0,5.0,7.0,4.0,31.0
2023-06-08,1166.6666666666667,4000.0,4000.0,4000.0,Thursday,0.95,27.0,61.0,43.0,155.0,28.0,6.0,15.0,5.0,8.0,3.0,37.0
2023-06-09,1166.6666666666667,4000.0,4000.0,4000.0,Friday,1.25,46.0,80.0,58.0,179.0,36.0,8.0,20.0,7.0,10.0,4.0,49.0
2023-06-10,1166.6666666666667,4000.0,4000.0,4000.0,Saturday,1.3,46.0,63.0,62.0,180.0,38.0,11.0,14.0,8.0,7.0,4.0,44.0
2023-06-11,1166.6666666666667,4000.0,4000.0,4000.0,Sunday,1.2,44.0,66.0,71.0,120.0,35.0,11.0,14.0,9.0,5.0,6.0,45.0
2023-06-12,1166.6666666666667,4000.0,4000.0,4000.0,Monday,1.0,29.0,44.0,71.0,137.0,29.0,8.0,10.0,9.0,7.0,3.0,37.0
2023-06-13,1166.6666666666667,4000.0,4000.0,4000.0,Tuesday,0.85,25.0,41.0,48.0,96.0,25.0,5.0,8.0,5.0,3.0,4.0,25.0
2023-06-14,1166.6666666666667,4000.0,4000.0,4000.0,Wednesday,0.9,33.0,53.0,57.0,111.0,26.0,8.0,8.0,7.0,5.0,3.0,31.0
2023-06-15,1166.6666666666667,4000.0,4000.0,4000.0,Thursday,0.95,38.0,63.0,42.0,86.0,28.0,8.0,16.0,4.0,4.0,4.0,36.0
2023-06-16,1166.6666666666667,4000.0,4000.0,4000.0,Friday,1.25,34.0,58.0,82.0,145.0,36.0,9.0,13.0,9.0,9.0,5.0,45.0
2023-06-17,1166.6666666666667,4000.0,4000.0,4000.0,Saturday,1.3,35.0,94.0,105.0,176.0,38.0,8.0,23.0,10.0,10.0,5.0,56.0
2023-06-18,1166.6666666666667,4000.0,4000.0,4000.0,Sunday,1.2,32.0,59.0,85.0,148.0,35.0,7.0,11.0,12.0,6.0,5.0,41.0
2023-06-19,1166.6666666666667,4000.0,4000.0,4000.0,Monday,1.0,29.0,62.0,60.0,108.0,29.0,7.0,11.0,7.0,5.0,3.0,33.0
2023-06-20,1166.6666666666667,4000.0,4000.0,4000.0,Tuesday,0.85,27.0,64.0,39.0,80.0,25.0,6.0,12.0,5.0,5.0,3.0,31.0
2023-06-21,1166.6666666666667,4000.0,4000.0,4000.0,Wednesday,0.9,24.0,41.0,64.0,102.0,26.0,7.0,8.0,9.0,4.0,4.0,32.0
2023-06-22,1166.6666666666667,4000.0,4000.0,4000.0,Thursday,0.95,26.0,60.0,43.0,156.0,28.0,8.0,9.0,4.0,9.0,3.0,33.0
2023-06-23,1166.6666666666667,4000.0,4000.0,4000.0,Friday,1.25,51.0,53.0,79.0,117.0,36.0,12.0,9.0,13.0,7.0,4.0,45.0
2023-06-24,1166.6666666666667,4000.0,4000.0,4000.0,Saturday,1.3,39.0,92.0,97.0,163.0,38.0,10.0,18.0,13.0,10.0,4.0,55.0
2023-06-25,1166.6666666666667,4000.0,4000.0,4000.0,Sunday,1.2,30.0,61.0,62.0,140.0,35.0,7.0,9.0,9.0,8.0,3.0,36.0
2023-06-26,1166.6666666666667,4000.0,4000.0,4000.0,Monday,1.0,29.0,49.0,52.0,119.0,29.0,7.0,10.0,5.0,7.0,4.0,33.0
2023-06-27,1166.6666666666667,4000.0,4000.0,4000.0,Tuesday,0.85,25.0,63.0,62.0,105.0,25.0,5.0,13.0,8.0,5.0,3.0,34.0
2023-06-28,1166.6666666666667,4000.0,4000.0,4000.0,Wednesday,0.9,33.0,65.0,49.0,85.0,26.0,6.0,12.0,7.0,5.0,3.0,33.0
2023-06-29,1166.6666666666667,4000.0,4000.0,4000.0,Thursday,0.95,39.0,41.0,60.0,111.0,28.0,10.0,9.0,10.0,6.0,4.0,39.0
2023-06-30,1166.6666666666667,4000.0,4000.0,4000.0,Friday,1.25,34.0,62.0,62.0,159.0,36.0,9.0,14.0,6.0,6.0,4.0,39.0
2023-07-01,1290.3225806451612,4193.548387096775,4838.709677419355,4193.548387096775,Saturday,1.3,50.0,89.0,128.0,164.0,38.0,9.0,22.0,13.0,7.0,4.0,55.0
2023-07-02,1290.3225806451612,4193.548387096775,4838.709677419355,4193.548387096775,Sunday,1.2,51.0,63.0,64.0,214.0,35.0,8.0,15.0,8.0,12.0,5.0,48.0
2023-07-03,1290.3225806451612,4193.548387096775,4838.709677419355,4193.548387096775,Monday,1.0,37.0,67.0,74.0,109.0,29.0,7.0,13.0,9.0,6.0,5.0,40.0
2023-07-04,1290.3225806451612,4193.548387096775,4838.709677419355,4193.548387096775,Tuesday,0.85,24.0,40.0,57.0,130.0,25.0,7.0,9.0,9.0,6.0,3.0,34.0
2023-07-05,1290.3225806451612,4193.548387096775,4838.709677419355,4193.548387096775,Wednesday,0.9,28.0,49.0,54.0,105.0,26.0,6.0,9.0,7.0,6.0,3.0,31.0
2023-07-06,1290.3225806451612,4193.548387096775,4838.709677419355,4193.548387096775,Thursday,0.95,29.0,56.0,79.0,147.0,28.0,5.0,9.0,8.0,8.0,3.0,33.0
2023-07-07,1290.3225806451612,4193.548387096775,4838.709677419355,4193.548387096775,Friday,1.25,54.0,64.0,86.0,165.0,36.0,12.0,13.0,13.0,8.0,4.0,50.0
2023-07-08,1290.3225806451612,4193.548387096775,4838.709677419355,4193.548387096775,Saturday,1.3,41.0,81.0,86.0,145.0,38.0,8.0,13.0,12.0,8.0,5.0,46.0
2023-07-09,1290.3225806451612,4193.548387096775,4838.709677419355,4193.548387096775,Sunday,1.2,36.0,68.0,71.0,137.0,35.0,11.0,14.0,7.0,8.0,4.0,44.0
2023-07-10,1290.3225806451612,4193.548387096775,4838.709677419355,4193.548387096775,Monday,1.0,38.0,63.0,61.0,120.0,29.0,9.0,12.0,9.0,7.0,4.0,41.0
2023-07-11,1290.3225806451612,4193.548387096775,4838.709677419355,4193.548387096775,Tuesday,0.85,38.0,47.0,59.0,126.0,25.0,7.0,8.0,7.0,8.0,4.0,34.0
2023-07-12,1290.3225806451612,4193.548387096775,4838.709677419355,4193.548387096775,Wednesday,0.9,32.0,55.0,85.0,104.0,26.0,7.0,11.0,10.0,4.0,4.0,36.0
2023-07-13,1290.3225806451612,4193.548387096775,4838.709677419355,4193.548387096775,Thursday,0.95,25.0,47.0,62.0,146.0,28.0,4.0,8.0,6.0,9.0,4.0,31.0
2023-07-14,1290.3225806451612,4193.548387096775,4838.709677419355,4193.548387096775,Friday,1.25,53.0,64.0,90.0,129.0,36.0,12.0,17.0,14.0,5.0,6.0,54.0
2023-07-15,1290.3225806451612,4193.548387096775,4838.709677419355,4193.548387096775,Saturday,1.3,56.0,67.0,108.0,205.0,38.0,15.0,17.0,15.0,10.0,6.0,63.0
2023-07-16,1290.3225806451612,4193.548387096775,4838.709677419355,4193.548387096775,Sunday,1.2,42.0,67.0,70.0,138.0,35.0,12.0,12.0,12.0,9.0,4.0,49.0
2023-07-17,1290.3225806451612,4193.548387096775,4838.709677419355,4193.548387096775,Monday,1.0,38.0,48.0,69.0,117.0,29.0,7.0,10.0,8.0,7.0,3.0,35.0
2023-07-18,1290.3225806451612,4193.548387096775,4838.709677419355,4193.548387096775,Tuesday,0.85,24.0,63.0,78.0,90.0,25.0,5.0,17.0,13.0,5.0,3.0,43.0
2023-07-19,1290.3225806451612,4193.548387096775,4838.709677419355,4193.548387096775,Wednesday,0.9,39.0,51.0,77.0,117.0,26.0,7.0,13.0,7.0,5.0,4.0,36.0
2023-07-20,1290.3225806451612,4193.548387096775,4838.709677419355,4193.548387096775,Thursday,0.95,37.0,57.0,70.0,124.0,28.0,10.0,14.0,9.0,7.0,4.0,44.0
2023-07-21,1290.3225806451612,4193.548387096775,4838.709677419355,4193.548387096775,Friday,1.25,58.0,70.0,115.0,130.0,36.0,11.0,11.0,19.0,6.0,5.0,52.0
2023-07-22,1290.3225806451612,4193.548387096775,4838.709677419355,4193.548387096775,Saturday,1.3,60.0,94.0,93.0,188.0,38.0,18.0,19.0,10.0,9.0,5.0,61.0
2023-07-23,1290.3225806451612,4193.548387096775,4838.709677419355,4193.548387096775,Sunday,1.2,44.0,64.0,92.0,124.0,35.0,12.0,16.0,9.0,7.0,4.0,48.0
2023-07-24,1290.3225806451612,4193.548387096775,4838.709677419355,4193.548387096775,Monday,1.0,31.0,48.0,66.0,159.0,29.0,5.0,11.0,9.0,6.0,4.0,35.0
2023-07-25,1290.3225806451612,4193.548387096775,4838.709677419355,4193.548387096775,Tuesday,0.85,35.0,60.0,56.0,97.0,25.0,7.0,14.0,8.0,4.0,4.0,37.0
2023-07-26,1290.3225806451612,4193.548387096775,4838.709677419355,4193.548387096775,Wednesday,0.9,32.0,64.0,73.0,95.0,26.0,9.0,11.0,12.0,4.0,4.0,40.0
2023-07-27,1290.3225806451612,4193.548387096775,4838.709677419355,4193.548387096775,Thursday,0.95,44.0,42.0,58.0,156.0,28.0,9.0,9.0,7.0,7.0,3.0,35.0
2023-07-28,1290.3225806451612,4193.548387096775,4838.709677419355,4193.548387096775,Friday,1.25,53.0,87.0,117.0,154.0,36.0,14.0,23.0,14.0,7.0,5.0,63.0
2023-07-29,1290.3225806451612,4193.548387096775,4838.709677419355,4193.548387096775,Saturday,1.3,46.0,98.0,120.0,139.0,38.0,12.0,23.0,11.0,7.0,4.0,57.0
2023-07-30,1290.3225806451612,4193.548387096775,4838.709677419355,4193.548387096775,Sunday,1.2,42.0,57.0,65.0,203.0,35.0,11.0,11.0,7.0,12.0,6.0,47.0
2023-07-31,1290.3225806451612,4193.548387096775,4838.709677419355,4193.548387096775,Monday,1.0,27.0,59.0,73.0,110.0,29.0,7.0,11.0,12.0,4.0,4.0,38.0
2023-08-01,967.741935483871,3225.8064516129034,3709.6774193548385,3225.8064516129034,Tuesday,0.85,30.0,51.0,49.0,114.0,25.0,8.0,9.0,6.0,7.0,4.0,34.0
2023-08-02,967.741935483871,3225.8064516129034,3709.6774193548385,3225.8064516129034,Wednesday,0.9,29.0,32.0,63.0,91.0,26.0,8.0,7.0,8.0,6.0,4.0,33.0
2023-08-03,967.741935483871,3225.8064516129034,3709.6774193548385,3225.8064516129034,Thursday,0.95,23.0,34.0,40.0,83.0,28.0,6.0,7.0,6.0,4.0,4.0,27.0
2023-08-04,967.741935483871,3225.8064516129034,3709.6774193548385,3225.8064516129034,Friday,1.25,27.0,61.0,78.0,128.0,36.0,7.0,11.0,13.0,7.0,5.0,43.0
2023-08-05,967.741935483871,3225.8064516129034,3709.6774193548385,3225.8064516129034,Saturday,1.3,36.0,79.0,86.0,129.0,38.0,10.0,18.0,14.0,8.0,4.0,54.0
2023-08-06,967.741935483871,3225.8064516129034,3709.6774193548385,3225.8064516129034,Sunday,1.2,37.0,40.0,73.0,156.0,35.0,9.0,10.0,10.0,9.0,4.0,42.0
2023-08-07,967.741935483871,3225.8064516129034,3709.6774193548385,3225.8064516129034,Monday,1.0,30.0,36.0,49.0,93.0,29.0,7.0,6.0,7.0,6.0,4.0,30.0
2023-08-08,967.741935483871,3225.8064516129034,3709.6774193548385,3225.8064516129034,Tuesday,0.85,21.0,33.0,36.0,64.0,25.0,5.0,8.0,5.0,3.0,4.0,25.0
2023-08-09,967.741935483871,3225.8064516129034,3709.6774193548385,3225.8064516129034,Wednesday,0.9,30.0,47.0,39.0,101.0,26.0,8.0,8.0,5.0,5.0,4.0,30.0
2023-08-10,967.741935483871,3225.8064516129034,3709.6774193548385,3225.8064516129034,Thursday,0.95,27.0,50.0,54.0,88.0,28.0,8.0,12.0,6.0,4.0,3.0,33.0
2023-08-11,967.741935483871,3225.8064516129034,3709.6774193548385,3225.8064516129034,Friday,1.25,33.0,43.0,79.0,126.0,36.0,6.0,9.0,8.0,8.0,6.0,37.0
2023-08-12,967.741935483871,3225.8064516129034,3709.6774193548385,3225.8064516129034,Saturday,1.3,42.0,58.0,71.0,114.0,38.0,9.0,11.0,11.0,7.0,6.0,44.0
2023-08-13,967.741935483871,3225.8064516129034,3709.6774193548385,3225.8064516129034,Sunday,1.2,30.0,45.0,70.0,157.0,35.0,6.0,12.0,8.0,9.0,4.0,39.0
2023-08-14,967.741935483871,3225.8064516129034,3709.6774193548385,3225.8064516129034,Monday,1.0,22.0,33.0,47.0,93.0,29.0,4.0,6.0,6.0,6.0,5.0,27.0
2023-08-15,967.741935483871,3225.8064516129034,3709.6774193548385,3225.8064516129034,Tuesday,0.85,25.0,37.0,45.0,71.0,25.0,6.0,7.0,7.0,4.0,4.0,28.0
2023-08-16,967.741935483871,3225.8064516129034,3709.6774193548385,3225.8064516129034,Wednesday,0.9,21.0,44.0,37.0,73.0,26.0,5.0,9.0,3.0,3.0,4.0,24.0
2023-08-17,967.741935483871,3225.8064516129034,3709.6774193548385,3225.8064516129034,Thursday,0.95,27.0,56.0,54.0,82.0,28.0,5.0,13.0,9.0,4.0,3.0,34.0
2023-08-18,967.741935483871,3225.8064516129034,3709.6774193548385,3225.8064516129034,Friday,1.25,36.0,51.0,69.0,136.0,36.0,6.0,12.0,10.0,9.0,5.0,42.0
2023-08-19,967.741935483871,3225.8064516129034,3709.6774193548385,3225.8064516129034,Saturday,1.3,38.0,44.0,60.0,164.0,38.0,11.0,8.0,7.0,7.0,4.0,37.0
2023-08-20,967.741935483871,3225.8064516129034,3709.6774193548385,3225.8064516129034,Sunday,1.2,27.0,54.0,86.0,117.0,35.0,5.0,14.0,13.0,7.0,5.0,44.0
2023-08-21,967.741935483871,3225.8064516129034,3709.6774193548385,3225.8064516129034,Monday,1.0,20.0,37.0,57.0,82.0,29.0,5.0,8.0,6.0,3.0,3.0,25.0
2023-08-22,967.741935483871,3225.8064516129034,3709.6774193548385,3225.8064516129034,Tuesday,0.85,18.0,34.0,49.0,87.0,25.0,4.0,9.0,7.0,3.0,4.0,27.0
2023-08-23,967.741935483871,3225.8064516129034,3709.6774193548385,3225.8064516129034,Wednesday,0.9,27.0,51.0,61.0,82.0,26.0,8.0,13.0,8.0,4.0,4.0,37.0
2023-08-24,967.741935483871,3225.8064516129034,3709.6774193548385,3225.8064516129034,Thursday,0.95,31.0,41.0,45.0,113.0,28.0,8.0,6.0,5.0,7.0,3.0,29.0
2023-08-25,967.741935483871,3225.8064516129034,3709.6774193548385,3225.8064516129034,Friday,1.25,37.0,47.0,73.0,104.0,36.0,11.0,11.0,8.0,4.0,4.0,38.0
2023-08-26,967.741935483871,3225.8064516129034,3709.6774193548385,3225.8064516129034,Saturday,1.3,26.0,68.0,59.0,98.0,38.0,6.0,10.0,8.0,5.0,6.0,35.0
2023-08-27,967.741935483871,3225.8064516129034,3709.6774193548385,3225.8064516129034,Sunday,1.2,32.0,50.0,50.0,121.0,35.0,8.0,14.0,8.0,7.0,4.0,41.0
2023-08-28,967.741935483871,3225.8064516129034,3709.6774193548385,3225.8064516129034,Monday,1.0,29.0,40.0,76.0,108.0,29.0,7.0,11.0,9.0,5.0,5.0,37.0
2023-08-29,967.741935483871,3225.8064516129034,3709.6774193548385,3225.8064516129034,Tuesday,0.85,20.0,30.0,35.0,69.0,25.0,5.0,6.0,4.0,4.0,3.0,22.0
2023-08-30,967.741935483871,3225.8064516129034,3709.6774193548385,3225.8064516129034,Wednesday,0.9,26.0,37.0,61.0,72.0,26.0,5.0,8.0,6.0,3.0,3.0,25.0
2023-08-31,967.741935483871,3225.8064516129034,3709.6774193548385,3225.8064516129034,Thursday,0.95,33.0,42.0,46.0,114.0,28.0,6.0,9.0,4.0,6.0,4.0,29.0
2023-09-01,833.3333333333334,3500.0,3333.3333333333335,3666.6666666666665,Friday,1.25,29.0,64.0,75.0,113.0,36.0,6.0,13.0,12.0,6.0,5.0,42.0
2023-09-02,833.3333333333334,3500.0,3333.3333333333335,3666.6666666666665,Saturday,1.3,40.0,61.0,49.0,101.0,38.0,9.0,16.0,5.0,6.0,6.0,42.0
2023-09-03,833.3333333333334,3500.0,3333.3333333333335,3666.6666666666665,Sunday,1.2,30.0,49.0,55.0,81.0,35.0,8.0,12.0,6.0,5.0,5.0,36.0
2023-09-04,833.3333333333334,3500.0,3333.3333333333335,3666.6666666666665,Monday,1.0,28.0,47.0,44.0,71.0,29.0,6.0,11.0,7.0,4.0,4.0,32.0
2023-09-05,833.3333333333334,3500.0,3333.3333333333335,3666.6666666666665,Tuesday,0.85,19.0,49.0,38.0,57.0,25.0,3.0,12.0,4.0,3.0,3.0,25.0
2023-09-06,833.3333333333334,3500.0,3333.3333333333335,3666.6666666666665,Wednesday,0.9,26.0,34.0,42.0,80.0,26.0,8.0,8.0,7.0,3.0,4.0,30.0
2023-09-07,833.3333333333334,3500.0,3333.3333333333335,3666.6666666666665,Thursday,0.95,32.0,39.0,38.0,82.0,28.0,9.0,7.0,6.0,3.0,5.0,30.0
2023-09-08,833.3333333333334,3500.0,3333.3333333333335,3666.6666666666665,Friday,1.25,30.0,65.0,68.0,97.0,36.0,8.0,12.0,8.0,4.0,4.0,36.0
2023-09-09,833.3333333333334,3500.0,3333.3333333333335,3666.6666666666665,Saturday,1.3,37.0,56.0,51.0,99.0,38.0,6.0,10.0,7.0,6.0,5.0,34.0
2023-09-10,833.3333333333334,3500.0,3333.3333333333335,3666.6666666666665,Sunday,1.2,27.0,77.0,46.0,109.0,35.0,7.0,15.0,6.0,6.0,4.0,38.0
2023-09-11,833.3333333333334,3500.0,3333.3333333333335,3666.6666666666665,Monday,1.0,36.0,53.0,38.0,64.0,29.0,9.0,10.0,4.0,3.0,3.0,29.0
2023-09-12,833.3333333333334,3500.0,3333.3333333333335,3666.6666666666665,Tuesday,0.85,35.0,55.0,56.0,87.0,25.0,7.0,8.0,8.0,4.0,2.0,29.0
2023-09-13,833.3333333333334,3500.0,3333.3333333333335,3666.6666666666665,Wednesday,0.9,21.0,52.0,46.0,68.0,26.0,5.0,13.0,6.0,4.0,3.0,31.0
2023-09-14,833.3333333333334,3500.0,3333.3333333333335,3666.6666666666665,Thursday,0.95,39.0,42.0,47.0,61.0,28.0,10.0,10.0,7.0,2.0,3.0,32.0
2023-09-15,833.3333333333334,3500.0,3333.3333333333335,3666.6666666666665,Friday,1.25,30.0,67.0,78.0,98.0,36.0,8.0,17.0,13.0,5.0,6.0,49.0
2023-09-16,833.3333333333334,3500.0,3333.3333333333335,3666.6666666666665,Saturday,1.3,32.0,73.0,48.0,153.0,38.0,8.0,13.0,5.0,7.0,5.0,38.0
2023-09-17,833.3333333333334,3500.0,3333.3333333333335,3666.6666666666665,Sunday,1.2,27.0,77.0,62.0,81.0,35.0,8.0,14.0,7.0,5.0,6.0,40.0
2023-09-18,833.3333333333334,3500.0,3333.3333333333335,3666.6666666666665,Monday,1.0,24.0,46.0,46.0,84.0,29.0,6.0,7.0,6.0,5.0,3.0,27.0
2023-09-19,833.3333333333334,3500.0,3333.3333333333335,3666.6666666666665,Tuesday,0.85,27.0,32.0,36.0,72.0,25.0,7.0,5.0,6.0,3.0,4.0,25.0
2023-09-20,833.3333333333334,3500.0,3333.3333333333335,3666.6666666666665,Wednesday,0.9,21.0,56.0,53.0,64.0,26.0,5.0,9.0,8.0,3.0,3.0,28.0
2023-09-21,833.3333333333334,3500.0,3333.3333333333335,3666.6666666666665,Thursday,0.95,24.0,62.0,45.0,100.0,28.0,6.0,16.0,5.0,6.0,3.0,36.0
2023-09-22,833.3333333333334,3500.0,3333.3333333333335,3666.6666666666665,Friday,1.25,33.0,53.0,48.0,91.0,36.0,8.0,12.0,5.0,6.0,4.0,35.0
2023-09-23,833.3333333333334,3500.0,3333.3333333333335,3666.6666666666665,Saturday,1.3,33.0,81.0,52.0,88.0,38.0,7.0,17.0,5.0,5.0,4.0,38.0
2023-09-24,833.3333333333334,3500.0,3333.3333333333335,3666.6666666666665,Sunday,1.2,34.0,48.0,69.0,80.0,35.0,6.0,9.0,10.0,3.0,4.0,32.0
2023-09-25,833.3333333333334,3500.0,3333.3333333333335,3666.6666666666665,Monday,1.0,34.0,41.0,48.0,81.0,29.0,7.0,9.0,5.0,4.0,4.0,29.0
2023-09-26,833.3333333333334,3500.0,3333.3333333333335,3666.6666666666665,Tuesday,0.85,25.0,38.0,31.0,57.0,25.0,6.0,8.0,3.0,4.0,3.0,24.0
2023-09-27,833.3333333333334,3500.0,3333.3333333333335,3666.6666666666665,Wednesday,0.9,25.0,42.0,57.0,70.0,26.0,7.0,7.0,9.0,3.0,4.0,30.0
2023-09-28,833.3333333333334,3500.0,3333.3333333333335,3666.6666666666665,Thursday,0.95,26.0,37.0,35.0,109.0,28.0,5.0,10.0,4.0,6.0,3.0,28.0
2023-09-29,833.3333333333334,3500.0,3333.3333333333335,3666.6666666666665,Friday,1.25,31.0,79.0,77.0,89.0,36.0,7.0,21.0,10.0,5.0,4.0,47.0
2023-09-30,833.3333333333334,3500.0,3333.3333333333335,3666.6666666666665,Saturday,1.3,36.0,56.0,80.0,89.0,38.0,8.0,9.0,9.0,4.0,5.0,35.0
2023-10-01,645.1612903225806,2903.2258064516127,2903.2258064516127,2903.2258064516127,Sunday,1.2,27.0,55.0,62.0,62.0,35.0,8.0,14.0,9.0,3.0,5.0,39.0
2023-10-02,645.1612903225806,2903.2258064516127,2903.2258064516127,2903.2258064516127,Monday,1.0,18.0,36.0,42.0,89.0,29.0,4.0,8.0,7.0,3.0,3.0,25.0
2023-10-03,645.1612903225806,2903.2258064516127,2903.2258064516127,2903.2258064516127,Tuesday,0.85,19.0,39.0,43.0,62.0,25.0,4.0,7.0,5.0,3.0,3.0,22.0
2023-10-04,645.1612903225806,2903.2258064516127,2903.2258064516127,2903.2258064516127,Wednesday,0.9,17.0,27.0,43.0,53.0,26.0,3.0,5.0,7.0,3.0,4.0,22.0
2023-10-05,645.1612903225806,2903.2258064516127,2903.2258064516127,2903.2258064516127,Thursday,0.95,23.0,31.0,42.0,55.0,28.0,6.0,6.0,4.0,2.0,3.0,21.0
2023-10-06,645.1612903225806,2903.2258064516127,2903.2258064516127,2903.2258064516127,Friday,1.25,26.0,40.0,59.0,72.0,36.0,5.0,9.0,6.0,3.0,4.0,27.0
2023-10-07,645.1612903225806,2903.2258064516127,2903.2258064516127,2903.2258064516127,Saturday,1.3,33.0,62.0,59.0,111.0,38.0,9.0,10.0,9.0,4.0,4.0,36.0
2023-10-08,645.1612903225806,2903.2258064516127,2903.2258064516127,2903.2258064516127,Sunday,1.2,25.0,47.0,39.0,103.0,35.0,6.0,8.0,5.0,6.0,6.0,31.0
2023-10-09,645.1612903225806,2903.2258064516127,2903.2258064516127,2903.2258064516127,Monday,1.0,33.0,42.0,48.0,79.0,29.0,8.0,9.0,7.0,4.0,3.0,31.0
2023-10-10,645.1612903225806,2903.2258064516127,2903.2258064516127,2903.2258064516127,Tuesday,0.85,26.0,28.0,44.0,66.0,25.0,5.0,7.0,5.0,4.0,4.0,25.0
2023-10-11,645.1612903225806,2903.2258064516127,2903.2258064516127,2903.2258064516127,Wednesday,0.9,19.0,31.0,42.0,75.0,26.0,5.0,5.0,4.0,4.0,4.0,22.0
2023-10-12,645.1612903225806,2903.2258064516127,2903.2258064516127,2903.2258064516127,Thursday,0.95,29.0,33.0,34.0,55.0,28.0,8.0,5.0,5.0,3.0,4.0,25.0
2023-10-13,645.1612903225806,2903.2258064516127,2903.2258064516127,2903.2258064516127,Friday,1.25,23.0,47.0,41.0,64.0,36.0,5.0,8.0,7.0,3.0,5.0,28.0
2023-10-14,645.1612903225806,2903.2258064516127,2903.2258064516127,2903.2258064516127,Saturday,1.3,35.0,55.0,70.0,67.0,38.0,7.0,11.0,12.0,3.0,4.0,37.0
2023-10-15,645.1612903225806,2903.2258064516127,2903.2258064516127,2903.2258064516127,Sunday,1.2,30.0,53.0,45.0,78.0,35.0,7.0,11.0,7.0,3.0,5.0,33.0
2023-10-16,645.1612903225806,2903.2258064516127,2903.2258064516127,2903.2258064516127,Monday,1.0,23.0,42.0,35.0,52.0,29.0,6.0,7.0,4.0,3.0,4.0,24.0
2023-10-17,645.1612903225806,2903.2258064516127,2903.2258064516127,2903.2258064516127,Tuesday,0.85,26.0,29.0,49.0,49.0,25.0,6.0,6.0,5.0,2.0,3.0,22.0
2023-10-18,645.1612903225806,2903.2258064516127,2903.2258064516127,2903.2258064516127,Wednesday,0.9,23.0,30.0,52.0,76.0,26.0,6.0,6.0,7.0,3.0,4.0,26.0
2023-10-19,645.1612903225806,2903.2258064516127,2903.2258064516127,2903.2258064516127,Thursday,0.95,24.0,37.0,41.0,61.0,28.0,5.0,6.0,6.0,4.0,3.0,24.0
2023-10-20,645.1612903225806,2903.2258064516127,2903.2258064516127,2903.2258064516127,Friday,1.25,33.0,50.0,58.0,107.0,36.0,9.0,10.0,8.0,4.0,5.0,36.0
2023-10-21,645.1612903225806,2903.2258064516127,2903.2258064516127,2903.2258064516127,Saturday,1.3,37.0,40.0,71.0,109.0,38.0,6.0,6.0,11.0,5.0,6.0,34.0
2023-10-22,645.1612903225806,2903.2258064516127,2903.2258064516127,2903.2258064516127,Sunday,1.2,24.0,38.0,45.0,62.0,35.0,5.0,10.0,6.0,3.0,5.0,29.0
2023-10-23,645.1612903225806,2903.2258064516127,2903.2258064516127,2903.2258064516127,Monday,1.0,26.0,53.0,38.0,67.0,29.0,6.0,8.0,4.0,3.0,4.0,25.0
2023-10-24,645.1612903225806,2903.2258064516127,2903.2258064516127,2903.2258064516127,Tuesday,0.85,20.0,26.0,46.0,51.0,25.0,4.0,6.0,6.0,2.0,4.0,22.0
2023-10-25,645.1612903225806,2903.2258064516127,2903.2258064516127,2903.2258064516127,Wednesday,0.9,19.0,29.0,41.0,63.0,26.0,6.0,6.0,5.0,2.0,4.0,23.0
2023-10-26,645.1612903225806,2903.2258064516127,2903.2258064516127,2903.2258064516127,Thursday,0.95,18.0,29.0,31.0,55.0,28.0,3.0,5.0,3.0,3.0,4.0,18.0
2023-10-27,645.1612903225806,2903.2258064516127,2903.2258064516127,2903.2258064516127,Friday,1.25,34.0,39.0,66.0,110.0,36.0,6.0,8.0,9.0,5.0,6.0,34.0
2023-10-28,645.1612903225806,2903.2258064516127,2903.2258064516127,2903.2258064516127,Saturday,1.3,26.0,62.0,52.0,108.0,38.0,5.0,11.0,6.0,4.0,4.0,30.0
2023-10-29,645.1612903225806,2903.2258064516127,2903.2258064516127,2903.2258064516127,Sunday,1.2,39.0,49.0,39.0,66.0,35.0,11.0,11.0,5.0,3.0,3.0,33.0
2023-10-30,645.1612903225806,2903.2258064516127,2903.2258064516127,2903.2258064516127,Monday,1.0,25.0,36.0,46.0,52.0,29.0,7.0,7.0,7.0,3.0,5.0,29.0
2023-10-31,645.1612903225806,2903.2258064516127,2903.2258064516127,2903.2258064516127,Tuesday,0.85,26.0,37.0,41.0,54.0,25.0,5.0,6.0,4.0,3.0,3.0,21.0
2023-11-01,833.3333333333334,3333.3333333333335,4000.0,3333.3333333333335,Wednesday,0.9,25.0,38.0,53.0,76.0,26.0,6.0,10.0,6.0,3.0,3.0,28.0
2023-11-02,833.3333333333334,3333.3333333333335,4000.0,3333.3333333333335,Thursday,0.95,20.0,42.0,63.0,76.0,28.0,6.0,9.0,8.0,3.0,4.0,30.0
2023-11-03,833.3333333333334,3333.3333333333335,4000.0,3333.3333333333335,Friday,1.25,35.0,50.0,62.0,90.0,36.0,8.0,10.0,7.0,4.0,6.0,35.0
2023-11-04,833.3333333333334,3333.3333333333335,4000.0,3333.3333333333335,Saturday,1.3,36.0,74.0,68.0,97.0,38.0,8.0,17.0,7.0,4.0,6.0,42.0
2023-11-05,833.3333333333334,3333.3333333333335,4000.0,3333.3333333333335,Sunday,1.2,25.0,42.0,98.0,81.0,35.0,7.0,9.0,9.0,4.0,4.0,33.0
2023-11-06,833.3333333333334,3333.3333333333335,4000.0,3333.3333333333335,Monday,1.0,26.0,44.0,51.0,73.0,29.0,5.0,8.0,6.0,4.0,4.0,27.0
2023-11-07,833.3333333333334,3333.3333333333335,4000.0,3333.3333333333335,Tuesday,0.85,26.0,32.0,44.0,66.0,25.0,8.0,6.0,4.0,3.0,3.0,24.0
2023-11-08,833.3333333333334,3333.3333333333335,4000.0,3333.3333333333335,Wednesday,0.9,30.0,43.0,50.0,65.0,26.0,6.0,11.0,5.0,4.0,4.0,30.0
2023-11-09,833.3333333333334,3333.3333333333335,4000.0,3333.3333333333335,Thursday,0.95,32.0,53.0,55.0,101.0,28.0,8.0,12.0,7.0,4.0,3.0,34.0
2023-11-10,833.3333333333334,3333.3333333333335,4000.0,3333.3333333333335,Friday,1.25,38.0,67.0,65.0,84.0,36.0,11.0,14.0,11.0,5.0,4.0,45.0
2023-11-11,833.3333333333334,3333.3333333333335,4000.0,3333.3333333333335,Saturday,1.3,49.0,56.0,62.0,91.0,38.0,14.0,11.0,10.0,6.0,5.0,46.0
2023-11-12,833.3333333333334,3333.3333333333335,4000.0,3333.3333333333335,Sunday,1.2,33.0,60.0,86.0,138.0,35.0,10.0,12.0,11.0,8.0,4.0,45.0
2023-11-13,833.3333333333334,3333.3333333333335,4000.0,3333.3333333333335,Monday,1.0,22.0,38.0,54.0,65.0,29.0,5.0,8.0,7.0,4.0,4.0,28.0
2023-11-14,833.3333333333334,3333.3333333333335,4000.0,3333.3333333333335,Tuesday,0.85,20.0,46.0,53.0,56.0,25.0,6.0,11.0,8.0,3.0,3.0,31.0
2023-11-15,833.3333333333334,3333.3333333333335,4000.0,3333.3333333333335,Wednesday,0.9,27.0,49.0,72.0,74.0,26.0,6.0,9.0,12.0,3.0,3.0,33.0
2023-11-16,833.3333333333334,3333.3333333333335,4000.0,3333.3333333333335,Thursday,0.95,25.0,40.0,48.0,72.0,28.0,4.0,11.0,5.0,4.0,4.0,28.0
2023-11-17,833.3333333333334,3333.3333333333335,4000.0,3333.3333333333335,Friday,1.25,27.0,48.0,77.0,83.0,36.0,6.0,7.0,10.0,3.0,4.0,30.0
2023-11-18,833.3333333333334,3333.3333333333335,4000.0,3333.3333333333335,Saturday,1.3,39.0,45.0,82.0,91.0,38.0,10.0,7.0,10.0,3.0,6.0,36.0
2023-11-19,833.3333333333334,3333.3333333333335,4000.0,3333.3333333333335,Sunday,1.2,33.0,59.0,97.0,88.0,35.0,7.0,12.0,13.0,4.0,5.0,41.0
2023-11-20,833.3333333333334,3333.3333333333335,4000.0,3333.3333333333335,Monday,1.0,37.0,38.0,69.0,89.0,29.0,7.0,10.0,8.0,5.0,4.0,34.0
2023-11-21,833.3333333333334,3333.3333333333335,4000.0,3333.3333333333335,Tuesday,0.85,30.0,35.0,45.0,100.0,25.0,6.0,9.0,5.0,5.0,4.0,29.0
2023-11-22,833.3333333333334,3333.3333333333335,4000.0,3333.3333333333335,Wednesday,0.9,26.0,32.0,62.0,71.0,26.0,7.0,5.0,6.0,3.0,4.0,25.0
2023-11-23,833.3333333333334,3333.3333333333335,4000.0,3333.3333333333335,Thursday,0.95,34.0,42.0,56.0,93.0,28.0,6.0,6.0,6.0,5.0,4.0,27.0
2023-11-24,833.3333333333334,3333.3333333333335,4000.0,3333.3333333333335,Friday,1.25,29.0,56.0,99.0,81.0,36.0,7.0,14.0,10.0,4.0,4.0,39.0
2023-11-25,833.3333333333334,3333.3333333333335,4000.0,3333.3333333333335,Saturday,1.3,38.0,76.0,83.0,110.0,38.0,11.0,20.0,8.0,7.0,6.0,52.0
2023-11-26,833.3333333333334,3333.3333333333335,4000.0,3333.3333333333335,Sunday,1.2,26.0,45.0,62.0,106.0,35.0,5.0,12.0,8.0,6.0,4.0,35.0
2023-11-27,833.3333333333334,3333.3333333333335,4000.0,3333.3333333333335,Monday,1.0,29.0,57.0,47.0,89.0,29.0,7.0,14.0,8.0,5.0,4.0,38.0
2023-11-28,833.3333333333334,3333.3333333333335,4000.0,3333.3333333333335,Tuesday,0.85,18.0,31.0,67.0,66.0,25.0,3.0,5.0,8.0,3.0,4.0,23.0
2023-11-29,833.3333333333334,3333.3333333333335,4000.0,3333.3333333333335,Wednesday,0.9,19.0,45.0,44.0,75.0,26.0,4.0,10.0,6.0,3.0,4.0,27.0
2023-11-30,833.3333333333334,3333.3333333333335,4000.0,3333.3333333333335,Thursday,0.95,28.0,39.0,69.0,81.0,28.0,6.0,8.0,9.0,4.0,4.0,31.0
2023-12-01,750.0,2875.0,2875.0,2875.0,Friday,1.25,23.0,54.0,47.0,86.0,36.0,6.0,14.0,6.0,5.0,4.0,35.0
2023-12-02,750.0,2875.0,2875.0,2875.0,Saturday,1.3,25.0,47.0,67.0,84.0,38.0,6.0,12.0,8.0,4.0,4.0,34.0
2023-12-03,750.0,2875.0,2875.0,2875.0,Sunday,1.2,22.0,57.0,62.0,86.0,35.0,4.0,13.0,8.0,4.0,5.0,34.0
2023-12-04,750.0,2875.0,2875.0,2875.0,Monday,1.0,28.0,54.0,42.0,93.0,29.0,6.0,10.0,5.0,6.0,3.0,30.0
2023-12-05,750.0,2875.0,2875.0,2875.0,Tuesday,0.85,17.0,36.0,30.0,55.0,25.0,4.0,9.0,4.0,4.0,3.0,24.0
2023-12-06,750.0,2875.0,2875.0,2875.0,Wednesday,0.9,19.0,32.0,38.0,78.0,26.0,5.0,7.0,5.0,5.0,3.0,25.0
2023-12-07,750.0,2875.0,2875.0,2875.0,Thursday,0.95,26.0,33.0,51.0,63.0,28.0,5.0,6.0,6.0,3.0,4.0,24.0
2023-12-08,750.0,2875.0,2875.0,2875.0,Friday,1.25,23.0,42.0,70.0,82.0,36.0,4.0,9.0,10.0,4.0,5.0,32.0
2023-12-09,750.0,2875.0,2875.0,2875.0,Saturday,1.3,39.0,52.0,52.0,81.0,38.0,10.0,10.0,6.0,4.0,6.0,36.0
2023-12-10,750.0,2875.0,2875.0,2875.0,Sunday,1.2,22.0,45.0,68.0,74.0,35.0,5.0,7.0,8.0,4.0,5.0,29.0
2023-12-11,750.0,2875.0,2875.0,2875.0,Monday,1.0,25.0,46.0,39.0,61.0,29.0,7.0,8.0,5.0,4.0,3.0,27.0
2023-12-12,750.0,2875.0,2875.0,2875.0,Tuesday,0.85,17.0,32.0,34.0,63.0,25.0,4.0,7.0,3.0,3.0,3.0,20.0
2023-12-13,750.0,2875.0,2875.0,2875.0,Wednesday,0.9,20.0,29.0,37.0,65.0,26.0,6.0,6.0,5.0,3.0,3.0,23.0
2023-12-14,750.0,2875.0,2875.0,2875.0,Thursday,0.95,19.0,34.0,40.0,64.0,28.0,5.0,5.0,6.0,4.0,4.0,24.0
2023-12-15,750.0,2875.0,2875.0,2875.0,Friday,1.25,23.0,47.0,57.0,101.0,36.0,4.0,11.0,5.0,4.0,4.0,28.0
2023-12-16,750.0,2875.0,2875.0,2875.0,Saturday,1.3,26.0,58.0,44.0,79.0,38.0,5.0,12.0,5.0,4.0,3.0,29.0
2023-12-17,750.0,2875.0,2875.0,2875.0,Sunday,1.2,35.0,40.0,66.0,80.0,35.0,6.0,6.0,10.0,4.0,5.0,31.0
2023-12-18,750.0,2875.0,2875.0,2875.0,Monday,1.0,29.0,31.0,32.0,90.0,29.0,7.0,8.0,5.0,4.0,3.0,27.0
2023-12-19,750.0,2875.0,2875.0,2875.0,Tuesday,0.85,23.0,34.0,30.0,71.0,25.0,6.0,9.0,3.0,3.0,3.0,24.0
2023-12-20,750.0,2875.0,2875.0,2875.0,Wednesday,0.9,17.0,27.0,44.0,76.0,26.0,4.0,6.0,6.0,3.0,3.0,22.0
2023-12-21,750.0,2875.0,2875.0,2875.0,Thursday,0.95,17.0,48.0,35.0,66.0,28.0,3.0,10.0,5.0,3.0,4.0,25.0
2023-12-22,750.0,2875.0,2875.0,2875.0,Friday,1.25,27.0,48.0,55.0,78.0,36.0,5.0,10.0,7.0,5.0,4.0,31.0
2023-12-23,750.0,2875.0,2875.0,2875.0,Saturday,1.3,28.0,43.0,49.0,128.0,38.0,6.0,9.0,7.0,8.0,6.0,36.0
2023-12-24,750.0,2875.0,2875.0,2875.0,Sunday,1.2,22.0,39.0,50.0,112.0,35.0,6.0,8.0,6.0,5.0,6.0,31.0
2023-12-25,750.0,2875.0,2875.0,2875.0,Monday,1.0,20.0,50.0,35.0,60.0,29.0,4.0,9.0,5.0,3.0,3.0,24.0
2023-12-26,750.0,2875.0,2875.0,2875.0,Tuesday,0.85,27.0,32.0,50.0,69.0,25.0,8.0,6.0,7.0,3.0,3.0,27.0
2023-12-27,750.0,2875.0,2875.0,2875.0,Wednesday,0.9,28.0,27.0,41.0,56.0,26.0,6.0,7.0,7.0,3.0,3.0,26.0
2023-12-28,750.0,2875.0,2875.0,2875.0,Thursday,0.95,19.0,40.0,38.0,62.0,28.0,5.0,6.0,6.0,4.0,3.0,24.0
2023-12-29,750.0,2875.0,2875.0,2875.0,Friday,1.25,38.0,57.0,64.0,78.0,36.0,10.0,12.0,9.0,3.0,5.0,39.0
2023-12-30,750.0,2875.0,2875.0,2875.0,Saturday,1.3,29.0,46.0,46.0,87.0,38.0,5.0,7.0,7.0,4.0,5.0,28.0
2023-12-31,750.0,2875.0,2875.0,2875.0,Sunday,1.2,32.0,45.0,51.0,72.0,35.0,8.0,10.0,7.0,4.0,5.0,34.0
2024-01-01,750.0,2875.0,2875.0,2875.0,Monday,1.0,26.0,40.0,32.0,68.0,29.0,4.0,10.0,5.0,3.0,3.0,25.0
2024-01-02,750.0,2875.0,2875.0,2875.0,Tuesday,0.85,16.0,34.0,38.0,69.0,25.0,4.0,9.0,5.0,4.0,4.0,26.0
2024-01-03,750.0,2875.0,2875.0,2875.0,Wednesday,0.9,28.0,30.0,33.0,57.0,26.0,7.0,8.0,5.0,3.0,3.0,26.0
2024-01-04,750.0,2875.0,2875.0,2875.0,Thursday,0.95,25.0,32.0,44.0,60.0,28.0,6.0,6.0,5.0,4.0,3.0,24.0
2024-01-05,750.0,2875.0,2875.0,2875.0,Friday,1.25,22.0,67.0,43.0,121.0,36.0,4.0,15.0,4.0,6.0,5.0,34.0
2024-01-06,750.0,2875.0,2875.0,2875.0,Saturday,1.3,40.0,41.0,48.0,124.0,38.0,7.0,10.0,7.0,6.0,4.0,34.0
2024-01-07,750.0,2875.0,2875.0,2875.0,Sunday,1.2,30.0,45.0,43.0,113.0,35.0,9.0,7.0,5.0,7.0,4.0,32.0
2024-01-08,750.0,2875.0,2875.0,2875.0,Monday,1.0,28.0,45.0,39.0,70.0,29.0,8.0,11.0,5.0,3.0,4.0,31.0
2024-01-09,750.0,2875.0,2875.0,2875.0,Tuesday,0.85,16.0,25.0,43.0,63.0,25.0,3.0,4.0,6.0,2.0,3.0,18.0
2024-01-10,681.8181818181819,2272.7272727272725,3409.090909090909,2272.7272727272725,Wednesday,0.9,16.0,38.0,39.0,83.0,26.0,3.0,10.0,4.0,3.0,3.0,23.0
2024-01-11,681.8181818181819,2272.7272727272725,3409.090909090909,2272.7272727272725,Thursday,0.95,23.0,40.0,39.0,69.0,28.0,5.0,7.0,4.0,4.0,3.0,23.0
2024-01-12,681.8181818181819,2272.7272727272725,3409.090909090909,2272.7272727272725,Friday,1.25,19.0,41.0,64.0,116.0,36.0,6.0,6.0,9.0,7.0,3.0,31.0
2024-01-13,681.8181818181819,2272.7272727272725,3409.090909090909,2272.7272727272725,Saturday,1.3,26.0,33.0,65.0,117.0,38.0,6.0,6.0,7.0,7.0,4.0,30.0
2024-01-14,681.8181818181819,2272.7272727272725,3409.090909090909,2272.7272727272725,Sunday,1.2,19.0,39.0,52.0,84.0,35.0,6.0,11.0,8.0,3.0,4.0,32.0
2024-01-15,681.8181818181819,2272.7272727272725,3409.090909090909,2272.7272727272725,Monday,1.0,17.0,30.0,38.0,70.0,29.0,5.0,5.0,4.0,3.0,5.0,22.0
2024-01-16,681.8181818181819,2272.7272727272725,3409.090909090909,2272.7272727272725,Tuesday,0.85,22.0,29.0,37.0,50.0,25.0,6.0,7.0,6.0,2.0,4.0,25.0
2024-01-17,681.8181818181819,2272.7272727272725,3409.090909090909,2272.7272727272725,Wednesday,0.9,23.0,38.0,34.0,48.0,26.0,7.0,9.0,5.0,3.0,4.0,28.0
2024-01-18,681.8181818181819,2272.7272727272725,3409.090909090909,2272.7272727272725,Thursday,0.95,16.0,26.0,45.0,61.0,28.0,3.0,7.0,5.0,4.0,3.0,22.0
2024-01-19,681.8181818181819,2272.7272727272725,3409.090909090909,2272.7272727272725,Friday,1.25,22.0,36.0,60.0,90.0,36.0,5.0,9.0,9.0,6.0,5.0,34.0
2024-01-20,681.8181818181819,2272.7272727272725,3409.090909090909,2272.7272727272725,Saturday,1.3,20.0,43.0,59.0,78.0,38.0,4.0,11.0,6.0,4.0,5.0,30.0
2024-01-21,681.8181818181819,2272.7272727272725,3409.090909090909,2272.7272727272725,Sunday,1.2,20.0,32.0,55.0,106.0,35.0,5.0,6.0,7.0,4.0,6.0,28.0
2024-01-22,681.8181818181819,2272.7272727272725,3409.090909090909,2272.7272727272725,Monday,1.0,14.0,31.0,39.0,71.0,29.0,3.0,5.0,6.0,4.0,4.0,22.0
2024-01-23,681.8181818181819,2272.7272727272725,3409.090909090909,2272.7272727272725,Tuesday,0.85,12.0,21.0,59.0,50.0,25.0,2.0,4.0,9.0,2.0,3.0,20.0
2024-01-24,681.8181818181819,2272.7272727272725,3409.090909090909,2272.7272727272725,Wednesday,0.9,17.0,34.0,56.0,51.0,26.0,3.0,8.0,8.0,3.0,3.0,25.0
2024-01-25,681.8181818181819,2272.7272727272725,3409.090909090909,2272.7272727272725,Thursday,0.95,14.0,26.0,57.0,68.0,28.0,3.0,6.0,9.0,3.0,3.0,24.0
2024-01-26,681.8181818181819,2272.7272727272725,3409.090909090909,2272.7272727272725,Friday,1.25,27.0,29.0,72.0,92.0,36.0,7.0,5.0,8.0,6.0,4.0,30.0
2024-01-27,681.8181818181819,2272.7272727272725,3409.090909090909,2272.7272727272725,Saturday,1.3,32.0,44.0,55.0,98.0,38.0,8.0,11.0,9.0,6.0,5.0,39.0
2024-01-28,681.8181818181819,2272.7272727272725,3409.090909090909,2272.7272727272725,Sunday,1.2,22.0,42.0,51.0,78.0,35.0,4.0,7.0,7.0,3.0,3.0,24.0
2024-01-29,681.8181818181819,2272.7272727272725,3409.090909090909,2272.7272727272725,Monday,1.0,17.0,25.0,55.0,73.0,29.0,3.0,6.0,9.0,3.0,5.0,26.0
2024-01-30,681.8181818181819,2272.7272727272725,3409.090909090909,2272.7272727272725,Tuesday,0.85,13.0,34.0,51.0,78.0,25.0,3.0,6.0,8.0,4.0,3.0,24.0
2024-01-31,681.8181818181819,2272.7272727272725,3409.090909090909,2272.7272727272725,Wednesday,0.9,15.0,32.0,45.0,49.0,26.0,3.0,5.0,5.0,3.0,4.0,20.0
2024-02-01,1206.896551724138,4310.3448275862065,4482.758620689655,4310.3448275862065,Thursday,0.95,36.0,61.0,54.0,146.0,28.0,6.0,13.0,8.0,9.0,4.0,40.0
2024-02-02,1206.896551724138,4310.3448275862065,4482.758620689655,4310.3448275862065,Friday,1.25,49.0,78.0,107.0,208.0,36.0,9.0,16.0,17.0,7.0,5.0,54.0
2024-02-03,1206.896551724138,4310.3448275862065,4482.758620689655,4310.3448275862065,Saturday,1.3,47.0,96.0,91.0,175.0,38.0,8.0,21.0,9.0,10.0,4.0,52.0
2024-02-04,1206.896551724138,4310.3448275862065,4482.758620689655,4310.3448275862065,Sunday,1.2,33.0,64.0,86.0,115.0,35.0,5.0,10.0,13.0,6.0,5.0,39.0
2024-02-05,1206.896551724138,4310.3448275862065,4482.758620689655,4310.3448275862065,Monday,1.0,36.0,57.0,86.0,95.0,29.0,10.0,12.0,12.0,5.0,4.0,43.0
2024-02-06,1206.896551724138,4310.3448275862065,4482.758620689655,4310.3448275862065,Tuesday,0.85,42.0,65.0,46.0,84.0,25.0,8.0,17.0,6.0,5.0,3.0,39.0
2024-02-07,1206.896551724138,4310.3448275862065,4482.758620689655,4310.3448275862065,Wednesday,0.9,42.0,51.0,46.0,122.0,26.0,9.0,10.0,6.0,6.0,3.0,34.0
2024-02-08,1206.896551724138,4310.3448275862065,4482.758620689655,4310.3448275862065,Thursday,0.95,28.0,59.0,49.0,135.0,28.0,6.0,11.0,7.0,9.0,4.0,37.0
2024-02-09,1206.896551724138,4310.3448275862065,4482.758620689655,4310.3448275862065,Friday,1.25,46.0,57.0,86.0,133.0,36.0,11.0,10.0,13.0,7.0,5.0,46.0
2024-02-10,1206.896551724138,4310.3448275862065,4482.758620689655,4310.3448275862065,Saturday,1.3,41.0,59.0,100.0,190.0,38.0,9.0,16.0,11.0,10.0,4.0,50.0
2024-02-11,1206.896551724138,4310.3448275862065,4482.758620689655,4310.3448275862065,Sunday,1.2,53.0,72.0,97.0,171.0,35.0,13.0,17.0,16.0,9.0,4.0,59.0
2024-02-12,1206.896551724138,4310.3448275862065,4482.758620689655,4310.3448275862065,Monday,1.0,38.0,66.0,73.0,96.0,29.0,8.0,18.0,9.0,5.0,4.0,44.0
2024-02-13,1206.896551724138,4310.3448275862065,4482.758620689655,4310.3448275862065,Tuesday,0.85,40.0,57.0,66.0,89.0,25.0,7.0,14.0,9.0,5.0,3.0,38.0
2024-02-14,1206.896551724138,4310.3448275862065,4482.758620689655,4310.3448275862065,Wednesday,0.9,43.0,56.0,64.0,87.0,26.0,8.0,13.0,9.0,3.0,4.0,37.0
2024-02-15,1206.896551724138,4310.3448275862065,4482.758620689655,4310.3448275862065,Thursday,0.95,25.0,44.0,75.0,97.0,28.0,4.0,9.0,11.0,5.0,3.0,32.0
2024-02-16,1206.896551724138,4310.3448275862065,4482.758620689655,4310.3448275862065,Friday,1.25,38.0,60.0,68.0,143.0,36.0,9.0,9.0,10.0,6.0,4.0,38.0
2024-02-17,1206.896551724138,4310.3448275862065,4482.758620689655,4310.3448275862065,Saturday,1.3,46.0,84.0,80.0,149.0,38.0,11.0,21.0,13.0,7.0,4.0,56.0
2024-02-18,1206.896551724138,4310.3448275862065,4482.758620689655,4310.3448275862065,Sunday,1.2,34.0,71.0,105.0,195.0,35.0,9.0,16.0,13.0,9.0,6.0,53.0
2024-02-19,1206.896551724138,4310.3448275862065,4482.758620689655,4310.3448275862065,Monday,1.0,40.0,61.0,69.0,166.0,29.0,11.0,14.0,8.0,11.0,4.0,48.0
2024-02-20,1206.896551724138,4310.3448275862065,4482.758620689655,4310.3448275862065,Tuesday,0.85,25.0,50.0,42.0,82.0,25.0,6.0,12.0,7.0,3.0,3.0,31.0
2024-02-21,1206.896551724138,4310.3448275862065,4482.758620689655,4310.3448275862065,Wednesday,0.9,27.0,46.0,69.0,106.0,26.0,6.0,12.0,10.0,5.0,3.0,36.0
2024-02-22,1206.896551724138,4310.3448275862065,4482.758620689655,4310.3448275862065,Thursday,0.95,30.0,43.0,64.0,91.0,28.0,7.0,8.0,9.0,5.0,3.0,32.0
2024-02-23,1206.896551724138,4310.3448275862065,4482.758620689655,4310.3448275862065,Friday,1.25,45.0,58.0,108.0,184.0,36.0,13.0,10.0,16.0,8.0,6.0,53.0
2024-02-24,1206.896551724138,4310.3448275862065,4482.758620689655,4310.3448275862065,Saturday,1.3,60.0,77.0,76.0,145.0,38.0,17.0,15.0,8.0,8.0,4.0,52.0
2024-02-25,1206.896551724138,4310.3448275862065,4482.758620689655,4310.3448275862065,Sunday,1.2,39.0,71.0,105.0,119.0,35.0,12.0,18.0,11.0,6.0,4.0,51.0
2024-02-26,1206.896551724138,4310.3448275862065,4482.758620689655,4310.3448275862065,Monday,1.0,38.0,57.0,50.0,110.0,29.0,10.0,8.0,5.0,5.0,3.0,31.0
2024-02-27,1206.896551724138,4310.3448275862065,4482.758620689655,4310.3448275862065,Tuesday,0.85,26.0,52.0,61.0,119.0,25.0,5.0,9.0,10.0,5.0,4.0,33.0
2024-02-28,1206.896551724138,4310.3448275862065,4482.758620689655,4310.3448275862065,Wednesday,0.9,26.0,44.0,53.0,123.0,26.0,4.0,11.0,9.0,6.0,3.0,33.0
2024-02-29,1206.896551724138,4310.3448275862065,4482.758620689655,4310.3448275862065,Thursday,0.95,31.0,61.0,65.0,97.0,28.0,6.0,11.0,8.0,6.0,4.0,35.0
2024-03-01,806.4516129032259,3870.967741935484,3870.967741935484,4193.548387096775,Friday,1.25,47.0,63.0,71.0,123.0,36.0,12.0,15.0,8.0,5.0,4.0,44.0
2024-03-02,806.4516129032259,3870.967741935484,3870.967741935484,4193.548387096775,Saturday,1.3,57.0,68.0,61.0,122.0,38.0,17.0,15.0,8.0,6.0,5.0,51.0
2024-03-03,806.4516129032259,3870.967741935484,3870.967741935484,4193.548387096775,Sunday,1.2,39.0,71.0,75.0,96.0,35.0,9.0,13.0,7.0,4.0,4.0,37.0
2024-03-04,806.4516129032259,3870.967741935484,3870.967741935484,4193.548387096775,Monday,1.0,32.0,45.0,68.0,84.0,29.0,9.0,9.0,8.0,4.0,4.0,34.0
2024-03-05,806.4516129032259,3870.967741935484,3870.967741935484,4193.548387096775,Tuesday,0.85,30.0,49.0,48.0,69.0,25.0,8.0,11.0,5.0,3.0,4.0,31.0
2024-03-06,806.4516129032259,3870.967741935484,3870.967741935484,4193.548387096775,Wednesday,0.9,39.0,62.0,56.0,83.0,26.0,10.0,10.0,9.0,4.0,3.0,36.0
2024-03-07,806.4516129032259,3870.967741935484,3870.967741935484,4193.548387096775,Thursday,0.95,32.0,57.0,72.0,90.0,28.0,6.0,14.0,12.0,3.0,4.0,39.0
2024-03-08,806.4516129032259,3870.967741935484,3870.967741935484,4193.548387096775,Friday,1.25,49.0,51.0,60.0,115.0,36.0,9.0,10.0,9.0,6.0,6.0,40.0
2024-03-09,806.4516129032259,3870.967741935484,3870.967741935484,4193.548387096775,Saturday,1.3,46.0,62.0,73.0,120.0,38.0,9.0,11.0,12.0,5.0,6.0,43.0
2024-03-10,806.4516129032259,3870.967741935484,3870.967741935484,4193.548387096775,Sunday,1.2,39.0,72.0,55.0,94.0,35.0,12.0,18.0,9.0,4.0,4.0,47.0
2024-03-11,806.4516129032259,3870.967741935484,3870.967741935484,4193.548387096775,Monday,1.0,36.0,43.0,61.0,115.0,29.0,8.0,9.0,6.0,5.0,3.0,31.0
2024-03-12,806.4516129032259,3870.967741935484,3870.967741935484,4193.548387096775,Tuesday,0.85,25.0,34.0,51.0,76.0,25.0,5.0,8.0,8.0,4.0,3.0,28.0
2024-03-13,806.4516129032259,3870.967741935484,3870.967741935484,4193.548387096775,Wednesday,0.9,38.0,43.0,50.0,58.0,26.0,10.0,10.0,6.0,2.0,3.0,31.0
2024-03-14,806.4516129032259,3870.967741935484,3870.967741935484,4193.548387096775,Thursday,0.95,36.0,43.0,71.0,90.0,28.0,9.0,6.0,9.0,4.0,4.0,32.0
2024-03-15,806.4516129032259,3870.967741935484,3870.967741935484,4193.548387096775,Friday,1.25,36.0,63.0,72.0,88.0,36.0,9.0,14.0,9.0,4.0,4.0,40.0
2024-03-16,806.4516129032259,3870.967741935484,3870.967741935484,4193.548387096775,Saturday,1.3,38.0,56.0,91.0,110.0,38.0,6.0,10.0,13.0,4.0,4.0,37.0
2024-03-17,806.4516129032259,3870.967741935484,3870.967741935484,4193.548387096775,Sunday,1.2,43.0,85.0,53.0,79.0,35.0,11.0,16.0,7.0,5.0,5.0,44.0
2024-03-18,806.4516129032259,3870.967741935484,3870.967741935484,4193.548387096775,Monday,1.0,44.0,41.0,52.0,89.0,29.0,8.0,10.0,8.0,4.0,5.0,35.0
2024-03-19,806.4516129032259,3870.967741935484,3870.967741935484,4193.548387096775,Tuesday,0.85,24.0,41.0,56.0,75.0,25.0,5.0,9.0,8.0,4.0,3.0,29.0
2024-03-20,806.4516129032259,3870.967741935484,3870.967741935484,4193.548387096775,Wednesday,0.9,37.0,50.0,54.0,79.0,26.0,8.0,13.0,6.0,3.0,4.0,34.0
2024-03-21,806.4516129032259,3870.967741935484,3870.967741935484,4193.548387096775,Thursday,0.95,30.0,68.0,42.0,74.0,28.0,6.0,14.0,4.0,4.0,4.0,32.0
2024-03-22,806.4516129032259,3870.967741935484,3870.967741935484,4193.548387096775,Friday,1.25,46.0,66.0,70.0,125.0,36.0,13.0,13.0,8.0,7.0,5.0,46.0
2024-03-23,806.4516129032259,3870.967741935484,3870.967741935484,4193.548387096775,Saturday,1.3,45.0,65.0,90.0,127.0,38.0,10.0,12.0,12.0,5.0,6.0,45.0
2024-03-24,806.4516129032259,3870.967741935484,3870.967741935484,4193.548387096775,Sunday,1.2,36.0,80.0,81.0,90.0,35.0,10.0,18.0,8.0,6.0,6.0,48.0
2024-03-25,806.4516129032259,3870.967741935484,3870.967741935484,4193.548387096775,Monday,1.0,32.0,71.0,49.0,69.0,29.0,7.0,13.0,8.0,3.0,4.0,35.0
2024-03-26,806.4516129032259,3870.967741935484,3870.967741935484,4193.548387096775,Tuesday,0.85,28.0,35.0,43.0,55.0,25.0,6.0,7.0,6.0,3.0,3.0,25.0
2024-03-27,806.4516129032259,3870.967741935484,3870.967741935484,4193.548387096775,Wednesday,0.9,28.0,62.0,50.0,64.0,26.0,7.0,14.0,8.0,3.0,3.0,35.0
2024-03-28,806.4516129032259,3870.967741935484,3870.967741935484,4193.548387096775,Thursday,0.95,28.0,48.0,60.0,61.0,28.0,5.0,8.0,10.0,3.0,4.0,30.0
2024-03-29,806.4516129032259,3870.967741935484,3870.967741935484,4193.548387096775,Friday,1.25,52.0,65.0,58.0,80.0,36.0,10.0,12.0,9.0,5.0,5.0,41.0
2024-03-30,806.4516129032259,3870.967741935484,3870.967741935484,4193.548387096775,Saturday,1.3,47.0,82.0,81.0,85.0,38.0,12.0,22.0,8.0,3.0,4.0,49.0
2024-03-31,806.4516129032259,3870.967741935484,3870.967741935484,4193.548387096775,Sunday,1.2,34.0,67.0,66.0,121.0,35.0,10.0,15.0,7.0,5.0,4.0,41.0
2024-04-01,1000.0,4333.333333333333,4833.333333333333,3833.3333333333335,Monday,1.0,25.0,51.0,69.0,137.0,29.0,7.0,12.0,7.0,7.0,3.0,36.0
2024-04-02,1000.0,4333.333333333333,4833.333333333333,3833.3333333333335,Tuesday,0.85,25.0,53.0,47.0,73.0,25.0,6.0,8.0,7.0,3.0,3.0,27.0
2024-04-03,1000.0,4333.333333333333,4833.333333333333,3833.3333333333335,Wednesday,0.9,28.0,60.0,51.0,81.0,26.0,7.0,14.0,9.0,3.0,3.0,36.0
2024-04-04,1000.0,4333.333333333333,4833.333333333333,3833.3333333333335,Thursday,0.95,36.0,48.0,93.0,129.0,28.0,10.0,9.0,15.0,5.0,4.0,43.0
2024-04-05,1000.0,4333.333333333333,4833.333333333333,3833.3333333333335,Friday,1.25,33.0,56.0,100.0,154.0,36.0,7.0,10.0,11.0,7.0,6.0,41.0
2024-04-06,1000.0,4333.333333333333,4833.333333333333,3833.3333333333335,Saturday,1.3,40.0,60.0,82.0,122.0,38.0,10.0,16.0,8.0,5.0,6.0,45.0
2024-04-07,1000.0,4333.333333333333,4833.333333333333,3833.3333333333335,Sunday,1.2,28.0,76.0,74.0,100.0,35.0,8.0,12.0,9.0,6.0,5.0,40.0
2024-04-08,1000.0,4333.333333333333,4833.333333333333,3833.3333333333335,Monday,1.0,29.0,55.0,62.0,81.0,29.0,5.0,12.0,10.0,3.0,3.0,33.0
2024-04-09,1000.0,4333.333333333333,4833.333333333333,3833.3333333333335,Tuesday,0.85,25.0,55.0,48.0,80.0,25.0,5.0,13.0,5.0,3.0,3.0,29.0
2024-04-10,1000.0,4333.333333333333,4833.333333333333,3833.3333333333335,Wednesday,0.9,23.0,43.0,55.0,72.0,26.0,6.0,10.0,5.0,4.0,4.0,29.0
2024-04-11,1000.0,4333.333333333333,4833.333333333333,3833.3333333333335,Thursday,0.95,33.0,48.0,84.0,93.0,28.0,8.0,12.0,13.0,5.0,3.0,41.0
2024-04-12,1000.0,4333.333333333333,4833.333333333333,3833.3333333333335,Friday,1.25,30.0,93.0,96.0,114.0,36.0,5.0,22.0,15.0,4.0,4.0,50.0
2024-04-13,1000.0,4333.333333333333,4833.333333333333,3833.3333333333335,Saturday,1.3,55.0,79.0,79.0,129.0,38.0,13.0,12.0,13.0,7.0,5.0,50.0
2024-04-14,1000.0,4333.333333333333,4833.333333333333,3833.3333333333335,Sunday,1.2,30.0,56.0,94.0,122.0,35.0,6.0,10.0,15.0,5.0,4.0,40.0
2024-04-15,1000.0,4333.333333333333,4833.333333333333,3833.3333333333335,Monday,1.0,42.0,53.0,56.0,98.0,29.0,10.0,14.0,7.0,5.0,3.0,39.0
2024-04-16,1000.0,4333.333333333333,4833.333333333333,3833.3333333333335,Tuesday,0.85,21.0,57.0,78.0,73.0,25.0,6.0,13.0,11.0,5.0,3.0,38.0
2024-04-17,1000.0,4333.333333333333,4833.333333333333,3833.3333333333335,Wednesday,0.9,24.0,70.0,60.0,72.0,26.0,5.0,13.0,10.0,3.0,2.0,33.0
2024-04-18,1000.0,4333.333333333333,4833.333333333333,3833.3333333333335,Thursday,0.95,23.0,42.0,51.0,89.0,28.0,4.0,8.0,6.0,4.0,4.0,26.0
2024-04-19,1000.0,4333.333333333333,4833.333333333333,3833.3333333333335,Friday,1.25,35.0,82.0,110.0,130.0,36.0,6.0,17.0,14.0,6.0,4.0,47.0
2024-04-20,1000.0,4333.333333333333,4833.333333333333,3833.3333333333335,Saturday,1.3,32.0,79.0,92.0,128.0,38.0,9.0,18.0,15.0,7.0,5.0,54.0
2024-04-21,1000.0,4333.333333333333,4833.333333333333,3833.3333333333335,Sunday,1.2,29.0,61.0,67.0,109.0,35.0,8.0,13.0,9.0,6.0,4.0,40.0
2024-04-22,1000.0,4333.333333333333,4833.333333333333,3833.3333333333335,Monday,1.0,26.0,49.0,81.0,84.0,29.0,7.0,11.0,7.0,3.0,3.0,31.0
2024-04-23,1000.0,4333.333333333333,4833.333333333333,3833.3333333333335,Tuesday,0.85,21.0,53.0,60.0,66.0,25.0,6.0,13.0,8.0,2.0,3.0,32.0
2024-04-24,1000.0,4333.333333333333,4833.333333333333,3833.3333333333335,Wednesday,0.9,35.0,49.0,83.0,76.0,26.0,8.0,12.0,8.0,3.0,3.0,34.0
2024-04-25,1000.0,4333.333333333333,4833.333333333333,3833.3333333333335,Thursday,0.95,28.0,47.0,51.0,114.0,28.0,7.0,9.0,8.0,6.0,4.0,34.0
2024-04-26,1000.0,4333.333333333333,4833.333333333333,3833.3333333333335,Friday,1.25,47.0,62.0,118.0,115.0,36.0,13.0,14.0,18.0,6.0,4.0,55.0
2024-04-27,1000.0,4333.333333333333,4833.333333333333,3833.3333333333335,Saturday,1.3,47.0,67.0,70.0,157.0,38.0,14.0,11.0,9.0,6.0,4.0,44.0
2024-04-28,1000.0,4333.333333333333,4833.333333333333,3833.3333333333335,Sunday,1.2,39.0,95.0,65.0,115.0,35.0,8.0,23.0,6.0,6.0,4.0,47.0
2024-04-29,1000.0,4333.333333333333,4833.333333333333,3833.3333333333335,Monday,1.0,35.0,77.0,74.0,104.0,29.0,8.0,16.0,8.0,7.0,3.0,42.0
2024-04-30,1000.0,4333.333333333333,4833.333333333333,3833.3333333333335,Tuesday,0.85,35.0,40.0,59.0,94.0,25.0,10.0,9.0,9.0,6.0,4.0,38.0
2024-05-01,1064.516129032258,3870.967741935484,3709.6774193548385,3870.967741935484,Wednesday,0.9,32.0,46.0,67.0,134.0,26.0,7.0,12.0,8.0,6.0,4.0,37.0
2024-05-02,1064.516129032258,3870.967741935484,3709.6774193548385,3870.967741935484,Thursday,0.95,41.0,40.0,67.0,126.0,28.0,11.0,11.0,8.0,5.0,4.0,39.0
2024-05-03,1064.516129032258,3870.967741935484,3709.6774193548385,3870.967741935484,Friday,1.25,43.0,52.0,65.0,118.0,36.0,8.0,13.0,9.0,7.0,6.0,43.0
2024-05-04,1064.516129032258,3870.967741935484,3709.6774193548385,3870.967741935484,Saturday,1.3,37.0,84.0,58.0,125.0,38.0,8.0,18.0,7.0,7.0,4.0,44.0
2024-05-05,1064.516129032258,3870.967741935484,3709.6774193548385,3870.967741935484,Sunday,1.2,40.0,68.0,73.0,164.0,35.0,9.0,10.0,12.0,10.0,3.0,44.0
2024-05-06,1064.516129032258,3870.967741935484,3709.6774193548385,3870.967741935484,Monday,1.0,36.0,43.0,62.0,85.0,29.0,9.0,8.0,7.0,4.0,3.0,31.0
2024-05-07,1064.516129032258,3870.967741935484,3709.6774193548385,3870.967741935484,Tuesday,0.85,37.0,54.0,47.0,115.0,25.0,7.0,12.0,4.0,5.0,3.0,31.0
2024-05-08,1064.516129032258,3870.967741935484,3709.6774193548385,3870.967741935484,Wednesday,0.9,31.0,63.0,50.0,96.0,26.0,6.0,10.0,5.0,5.0,4.0,30.0
2024-05-09,1064.516129032258,3870.967741935484,3709.6774193548385,3870.967741935484,Thursday,0.95,37.0,45.0,52.0,136.0,28.0,7.0,11.0,5.0,7.0,5.0,35.0
2024-05-10,1064.516129032258,3870.967741935484,3709.6774193548385,3870.967741935484,Friday,1.25,48.0,59.0,64.0,105.0,36.0,11.0,11.0,10.0,7.0,6.0,45.0
2024-05-11,1064.516129032258,3870.967741935484,3709.6774193548385,3870.967741935484,Saturday,1.3,34.0,68.0,76.0,127.0,38.0,8.0,15.0,11.0,8.0,4.0,46.0
2024-05-12,1064.516129032258,3870.967741935484,3709.6774193548385,3870.967741935484,Sunday,1.2,32.0,67.0,68.0,118.0,35.0,9.0,17.0,9.0,7.0,5.0,47.0
2024-05-13,1064.516129032258,3870.967741935484,3709.6774193548385,3870.967741935484,Monday,1.0,32.0,60.0,66.0,108.0,29.0,8.0,9.0,6.0,5.0,4.0,32.0
2024-05-14,1064.516129032258,3870.967741935484,3709.6774193548385,3870.967741935484,Tuesday,0.85,35.0,36.0,39.0,75.0,25.0,7.0,6.0,6.0,4.0,4.0,27.0
2024-05-15,1064.516129032258,3870.967741935484,3709.6774193548385,3870.967741935484,Wednesday,0.9,22.0,36.0,54.0,117.0,26.0,4.0,8.0,8.0,4.0,4.0,28.0
2024-05-16,1064.516129032258,3870.967741935484,3709.6774193548385,3870.967741935484,Thursday,0.95,27.0,45.0,48.0,88.0,28.0,8.0,10.0,7.0,4.0,4.0,33.0
2024-05-17,1064.516129032258,3870.967741935484,3709.6774193548385,3870.967741935484,Friday,1.25,54.0,74.0,71.0,179.0,36.0,11.0,11.0,11.0,6.0,4.0,43.0
2024-05-18,1064.516129032258,3870.967741935484,3709.6774193548385,3870.967741935484,Saturday,1.3,43.0,88.0,57.0,123.0,38.0,12.0,13.0,9.0,6.0,6.0,46.0
2024-05-19,1064.516129032258,3870.967741935484,3709.6774193548385,3870.967741935484,Sunday,1.2,42.0,54.0,71.0,138.0,35.0,12.0,9.0,8.0,9.0,5.0,43.0
2024-05-20,1064.516129032258,3870.967741935484,3709.6774193548385,3870.967741935484,Monday,1.0,42.0,43.0,48.0,99.0,29.0,11.0,6.0,5.0,6.0,4.0,32.0
2024-05-21,1064.516129032258,3870.967741935484,3709.6774193548385,3870.967741935484,Tuesday,0.85,21.0,45.0,38.0,80.0,25.0,5.0,12.0,4.0,5.0,3.0,29.0
2024-05-22,1064.516129032258,3870.967741935484,3709.6774193548385,3870.967741935484,Wednesday,0.9,28.0,38.0,38.0,76.0,26.0,6.0,9.0,4.0,3.0,4.0,26.0
2024-05-23,1064.516129032258,3870.967741935484,3709.6774193548385,3870.967741935484,Thursday,0.95,24.0,48.0,53.0,88.0,28.0,6.0,13.0,6.0,5.0,3.0,33.0
2024-05-24,1064.516129032258,3870.967741935484,3709.6774193548385,3870.967741935484,Friday,1.25,43.0,54.0,70.0,187.0,36.0,11.0,10.0,8.0,11.0,4.0,44.0
2024-05-25,1064.516129032258,3870.967741935484,3709.6774193548385,3870.967741935484,Saturday,1.3,48.0,66.0,90.0,133.0,38.0,12.0,11.0,8.0,6.0,5.0,42.0
2024-05-26,1064.516129032258,3870.967741935484,3709.6774193548385,3870.967741935484,Sunday,1.2,33.0,77.0,55.0,112.0,35.0,6.0,16.0,9.0,5.0,4.0,40.0
2024-05-27,1064.516129032258,3870.967741935484,3709.6774193548385,3870.967741935484,Monday,1.0,31.0,43.0,45.0,105.0,29.0,8.0,7.0,4.0,6.0,5.0,30.0
2024-05-28,1064.516129032258,3870.967741935484,3709.6774193548385,3870.967741935484,Tuesday,0.85,32.0,34.0,58.0,127.0,25.0,6.0,8.0,9.0,7.0,4.0,34.0
2024-05-29,1064.516129032258,3870.967741935484,3709.6774193548385,3870.967741935484,Wednesday,0.9,31.0,37.0,37.0,98.0,26.0,9.0,9.0,3.0,4.0,3.0,28.0
2024-05-30,1064.516129032258,3870.967741935484,3709.6774193548385,3870.967741935484,Thursday,0.95,34.0,43.0,50.0,138.0,28.0,9.0,10.0,6.0,7.0,4.0,36.0
2024-05-31,1064.516129032258,3870.967741935484,3709.6774193548385,3870.967741935484,Friday,1.25,53.0,58.0,93.0,189.0,36.0,10.0,15.0,13.0,9.0,4.0,51.0
2024-06-01,1166.6666666666667,4333.333333333333,4000.0,4333.333333333333,Saturday,1.3,49.0,66.0,68.0,133.0,38.0,8.0,17.0,7.0,6.0,6.0,44.0
2024-06-02,1166.6666666666667,4333.333333333333,4000.0,4333.333333333333,Sunday,1.2,32.0,56.0,55.0,113.0,35.0,6.0,11.0,8.0,5.0,6.0,36.0
2024-06-03,1166.6666666666667,4333.333333333333,4000.0,4333.333333333333,Monday,1.0,30.0,54.0,46.0,150.0,29.0,8.0,8.0,7.0,8.0,4.0,35.0
2024-06-04,1166.6666666666667,4333.333333333333,4000.0,4333.333333333333,Tuesday,0.85,23.0,50.0,47.0,115.0,25.0,5.0,11.0,8.0,6.0,3.0,33.0
2024-06-05,1166.6666666666667,4333.333333333333,4000.0,4333.333333333333,Wednesday,0.9,44.0,46.0,46.0,147.0,26.0,10.0,9.0,6.0,5.0,3.0,33.0
2024-06-06,1166.6666666666667,4333.333333333333,4000.0,4333.333333333333,Thursday,0.95,32.0,76.0,56.0,116.0,28.0,8.0,13.0,8.0,4.0,4.0,37.0
2024-06-07,1166.6666666666667,4333.333333333333,4000.0,4333.333333333333,Friday,1.25,45.0,88.0,69.0,130.0,36.0,12.0,15.0,10.0,5.0,5.0,47.0
2024-06-08,1166.6666666666667,4333.333333333333,4000.0,4333.333333333333,Saturday,1.3,43.0,60.0,70.0,164.0,38.0,8.0,15.0,8.0,6.0,4.0,41.0
2024-06-09,1166.6666666666667,4333.333333333333,4000.0,4333.333333333333,Sunday,1.2,49.0,79.0,74.0,123.0,35.0,11.0,15.0,9.0,6.0,5.0,46.0
2024-06-10,1166.6666666666667,4333.333333333333,4000.0,4333.333333333333,Monday,1.0,42.0,45.0,45.0,143.0,29.0,11.0,7.0,6.0,7.0,4.0,35.0
2024-06-11,1166.6666666666667,4333.333333333333,4000.0,4333.333333333333,Tuesday,0.85,39.0,38.0,49.0,120.0,25.0,10.0,10.0,8.0,5.0,4.0,37.0
2024-06-12,1166.6666666666667,4333.333333333333,4000.0,4333.333333333333,Wednesday,0.9,39.0,60.0,72.0,137.0,26.0,11.0,10.0,10.0,7.0,2.0,40.0
2024-06-13,1166.6666666666667,4333.333333333333,4000.0,4333.333333333333,Thursday,0.95,31.0,49.0,49.0,121.0,28.0,9.0,9.0,8.0,7.0,4.0,37.0
2024-06-14,1166.6666666666667,4333.333333333333,4000.0,4333.333333333333,Friday,1.25,42.0,56.0,64.0,180.0,36.0,9.0,13.0,10.0,7.0,4.0,43.0
2024-06-15,1166.6666666666667,4333.333333333333,4000.0,4333.333333333333,Saturday,1.3,50.0,82.0,62.0,152.0,38.0,11.0,15.0,10.0,8.0,6.0,50.0
2024-06-16,1166.6666666666667,4333.333333333333,4000.0,4333.333333333333,Sunday,1.2,34.0,62.0,54.0,157.0,35.0,10.0,16.0,5.0,7.0,4.0,42.0
2024-06-17,1166.6666666666667,4333.333333333333,4000.0,4333.333333333333,Monday,1.0,29.0,51.0,66.0,96.0,29.0,7.0,8.0,9.0,6.0,3.0,33.0
2024-06-18,1166.6666666666667,4333.333333333333,4000.0,4333.333333333333,Tuesday,0.85,39.0,62.0,39.0,97.0,25.0,11.0,9.0,6.0,6.0,3.0,35.0
2024-06-19,1166.6666666666667,4333.333333333333,4000.0,4333.333333333333,Wednesday,0.9,28.0,48.0,57.0,84.0,26.0,7.0,8.0,7.0,5.0,3.0,30.0
2024-06-20,1166.6666666666667,4333.333333333333,4000.0,4333.333333333333,Thursday,0.95,40.0,67.0,48.0,91.0,28.0,10.0,13.0,7.0,5.0,5.0,40.0
2024-06-21,1166.6666666666667,4333.333333333333,4000.0,4333.333333333333,Friday,1.25,39.0,58.0,64.0,113.0,36.0,7.0,10.0,7.0,5.0,4.0,33.0
2024-06-22,1166.6666666666667,4333.333333333333,4000.0,4333.333333333333,Saturday,1.3,41.0,105.0,99.0,129.0,38.0,9.0,28.0,10.0,7.0,4.0,58.0
2024-06-23,1166.6666666666667,4333.333333333333,4000.0,4333.333333333333,Sunday,1.2,44.0,62.0,79.0,145.0,35.0,10.0,12.0,10.0,5.0,4.0,41.0
2024-06-24,1166.6666666666667,4333.333333333333,4000.0,4333.333333333333,Monday,1.0,30.0,51.0,51.0,127.0,29.0,9.0,13.0,6.0,5.0,3.0,36.0
2024-06-25,1166.6666666666667,4333.333333333333,4000.0,4333.333333333333,Tuesday,0.85,24.0,43.0,64.0,90.0,25.0,5.0,8.0,6.0,6.0,4.0,29.0
2024-06-26,1166.6666666666667,4333.333333333333,4000.0,4333.333333333333,Wednesday,0.9,41.0,57.0,64.0,106.0,26.0,7.0,14.0,9.0,6.0,4.0,40.0
2024-06-27,1166.6666666666667,4333.333333333333,4000.0,4333.333333333333,Thursday,0.95,26.0,64.0,52.0,94.0,28.0,6.0,17.0,5.0,6.0,4.0,38.0
2024-06-28,1166.6666666666667,4333.333333333333,4000.0,4333.333333333333,Friday,1.25,54.0,65.0,100.0,173.0,36.0,11.0,13.0,13.0,10.0,4.0,51.0
2024-06-29,1166.6666666666667,4333.333333333333,4000.0,4333.333333333333,Saturday,1.3,41.0,59.0,75.0,132.0,38.0,11.0,10.0,8.0,7.0,4.0,40.0
2024-06-30,1166.6666666666667,4333.333333333333,4000.0,4333.333333333333,Sunday,1.2,54.0,64.0,56.0,174.0,35.0,11.0,14.0,8.0,7.0,5.0,45.0
